num_cnns,batch,lr,drop_out,seed,mse_p,rmse_p,mae_p,r2_p,pearson_corr_p,spearman_corr_p,mse_r,rmse_r,mae_r,r2_r,pearson_corr_r,spearman_corr_r,best_pearson_epoch,best_r2_epoch
5,96,0.00010,0.3,920,0.07802532,0.27933013,0.2138014,0.2901966361621505,0.5415124081424934,0.47434434238227197,0.07796947,0.27923015,0.21374474,0.2907047052152979,0.5428290286027994,0.47701941839704404,60,53
5,96,0.00050,0.3,920,0.07924702,0.28150848,0.21542981,0.27908273522695803,0.5351272840960937,0.46781703967357063,0.07989538,0.2826577,0.21610703,0.2731845033056739,0.5290051203345506,0.4589314948476022,2,4
5,96,0.00100,0.3,920,0.079484016,0.2819291,0.21651997,0.2769267147052462,0.5321614654145213,0.46375954124946894,0.079484016,0.2819291,0.21651997,0.2769267147052462,0.5321614654145213,0.46375954124946894,1,1
10,96,0.00010,0.3,920,0.080166556,0.283137,0.21727026,0.2707175639919991,0.5239390735612269,0.46473806326990946,0.0803417,0.2834461,0.2174574,0.26912430183061786,0.5232411544871068,0.46199768400401453,40,46
10,96,0.00050,0.3,920,0.081528515,0.285532,0.21854174,0.2583276854250868,0.5170430326401525,0.45426645773495666,0.081528515,0.285532,0.21854174,0.2583276854250868,0.5170430326401525,0.45426645773495666,1,1
10,96,0.00100,0.3,920,0.08253231,0.28728437,0.21973428,0.24919612752440512,0.5106073547438357,0.44274898495888787,0.08253231,0.28728437,0.21973428,0.24919612752440512,0.5106073547438357,0.44274898495888787,1,1
15,96,0.00010,0.3,920,0.08205396,0.28645062,0.21869104,0.2535476770517925,0.5139399498223307,0.45592520222074956,0.08205396,0.28645062,0.21869104,0.2535476770517925,0.5139399498223307,0.45592520222074956,38,38
15,96,0.00050,0.3,920,0.08436034,0.29044852,0.2212246,0.23256636727016156,0.5048373091038942,0.446526728315906,0.083864145,0.28959307,0.22014084,0.23708030047464823,0.504316282056415,0.4474593795723307,2,1
15,96,0.00100,0.3,920,0.08511504,0.29174483,0.22326148,0.22570078765421053,0.505294297912202,0.44942223623377997,0.08511504,0.29174483,0.22326148,0.22570078765421053,0.505294297912202,0.44942223623377997,3,3
20,96,0.00010,0.3,920,0.08040758,0.2835623,0.21774969,0.26852495767652607,0.5234315312916891,0.45502313641279163,0.08010485,0.283028,0.21779214,0.27127890800585486,0.5261328493222279,0.46215126484903973,32,23
20,96,0.00050,0.3,920,0.08247994,0.2871932,0.21975613,0.24967253147429147,0.5173487453022444,0.4535023286179375,0.08247994,0.2871932,0.21975613,0.24967253147429147,0.5173487453022444,0.4535023286179375,2,2
20,96,0.00100,0.3,920,0.082260504,0.28681093,0.21940188,0.25166871714651595,0.5217184289847203,0.45901888689522274,0.082260504,0.28681093,0.21940188,0.25166871714651595,0.5217184289847203,0.45901888689522274,3,3
25,96,0.00010,0.3,920,0.083787814,0.28946126,0.22224264,0.23777472249061293,0.4990122513583229,0.44192823111476803,0.08352575,0.2890082,0.22226448,0.24015876055632512,0.5012779437437067,0.4450093224125493,26,23
25,96,0.00050,0.3,920,0.08614023,0.29349655,0.2242643,0.21637453131908757,0.4957373943764264,0.43592535075590816,0.08614023,0.29349655,0.2242643,0.21637453131908757,0.4957373943764264,0.43592535075590816,2,2
25,96,0.00100,0.3,920,0.08594122,0.29315734,0.22558208,0.21818494882080997,0.5036839329082715,0.4394120034710875,0.08594122,0.29315734,0.22558208,0.21818494882080997,0.5036839329082715,0.4394120034710875,3,3
30,96,0.00010,0.3,920,0.08200286,0.28636143,0.21823075,0.25401255554098245,0.5141536046330485,0.45416221094739473,0.08235264,0.28697148,0.21893524,0.25083065425168727,0.5108309569723606,0.45080972676154946,30,26
30,96,0.00050,0.3,920,0.084212855,0.2901945,0.221665,0.23390805759553168,0.504813435856408,0.4443278074127501,0.084212855,0.2901945,0.221665,0.23390805759553168,0.504813435856408,0.4443278074127501,2,2
30,96,0.00100,0.3,920,0.08533552,0.29212245,0.22242714,0.22369508371909075,0.5018060233521329,0.4412881166356062,0.08533552,0.29212245,0.22242714,0.22369508371909075,0.5018060233521329,0.4412881166356062,3,3
35,96,0.00010,0.3,920,0.08333104,0.28867117,0.22142021,0.24192999248537883,0.5026916982679345,0.44754121062932106,0.08333104,0.28867117,0.22142021,0.24192999248537883,0.5026916982679345,0.44754121062932106,21,21
35,96,0.00050,0.3,920,0.08456104,0.2907938,0.22334301,0.23074052063523898,0.5038019201434281,0.4465727482603976,0.08456104,0.2907938,0.22334301,0.23074052063523898,0.5038019201434281,0.4465727482603976,2,2
35,96,0.00100,0.3,920,0.085524626,0.29244593,0.22497755,0.22197473935120282,0.5018351157656084,0.4410554201843867,0.085524626,0.29244593,0.22497755,0.22197473935120282,0.5018351157656084,0.4410554201843867,3,3
40,96,0.00010,0.3,920,0.081735864,0.28589484,0.21823141,0.2564414744742818,0.5138220710301539,0.46035934328920336,0.08146427,0.28541946,0.21798323,0.258912225625638,0.5160217092490912,0.46040541438521004,18,17
40,96,0.00050,0.3,920,0.08430716,0.29035693,0.22185409,0.23305020075248795,0.5057098028494368,0.4500965161359581,0.08430716,0.29035693,0.22185409,0.23305020075248795,0.5057098028494368,0.4500965161359581,2,2
40,96,0.00100,0.3,920,0.088979185,0.2982938,0.22894876,0.19054829761174097,0.4902555854464639,0.43081581139844827,0.088979185,0.2982938,0.22894876,0.19054829761174097,0.4902555854464639,0.43081581139844827,2,2
45,96,0.00010,0.3,920,0.08241814,0.2870856,0.22026429,0.25023475721270183,0.5152624716397916,0.44862592586732625,0.08209793,0.28652737,0.22008078,0.25314769111192925,0.512896982262752,0.4531638779882142,25,16
45,96,0.00050,0.3,920,0.08550965,0.29242033,0.22364797,0.2221110196664482,0.5029694632888833,0.4422279783611447,0.08550965,0.29242033,0.22364797,0.2221110196664482,0.5029694632888833,0.4422279783611447,2,2
45,96,0.00100,0.3,920,0.090407476,0.30067837,0.23003875,0.1775550551153514,0.4871342101045605,0.42630351144658074,0.090407476,0.30067837,0.23003875,0.1775550551153514,0.4871342101045605,0.42630351144658074,2,2
50,96,0.00010,0.3,920,0.08309318,0.28825888,0.22182311,0.24409376082793166,0.5076399859443536,0.4455834040748524,0.08309318,0.28825888,0.22182311,0.24409376082793166,0.5076399859443536,0.4455834040748524,18,18
50,96,0.00050,0.3,920,0.08557884,0.2925386,0.22452013,0.22148153201648135,0.4981614694492487,0.4398410667993756,0.08400824,0.28984174,0.22243126,0.2357695055629605,0.5003570991664136,0.4385791065099077,2,1
50,96,0.00100,0.3,920,0.08683396,0.29467604,0.22639188,0.2100635942986172,0.4980901829507769,0.44501313793666786,0.08683396,0.29467604,0.22639188,0.2100635942986172,0.4980901829507769,0.44501313793666786,3,3
55,96,0.00010,0.3,920,0.081266426,0.28507265,0.21917419,0.26071193662859726,0.5181533731560087,0.4645310316177141,0.081266426,0.28507265,0.21917419,0.26071193662859726,0.5181533731560087,0.4645310316177141,17,17
55,96,0.00050,0.3,920,0.08483567,0.29126564,0.2221814,0.22824224931025794,0.5025337238242141,0.45044742184383285,0.08483567,0.29126564,0.2221814,0.22824224931025794,0.5025337238242141,0.45044742184383285,2,2
55,96,0.00100,0.3,920,0.09111938,0.30185986,0.23054577,0.17107879359618194,0.4788959585243488,0.42652439442383683,0.08748099,0.29577187,0.22716886,0.20417751073409984,0.4920749936842779,0.43490028513089035,2,3
60,96,0.00010,0.3,920,0.08327624,0.28857625,0.22106425,0.24242849354356732,0.5063237519114966,0.44839316816058883,0.08327624,0.28857625,0.22106425,0.24242849354356732,0.5063237519114966,0.44839316816058883,21,21
60,96,0.00050,0.3,920,0.08590816,0.29310092,0.22404283,0.21848570287262903,0.49159359301612116,0.4316635827149888,0.08590816,0.29310092,0.22404283,0.21848570287262903,0.49159359301612116,0.4316635827149888,1,1
60,96,0.00100,0.3,920,0.08736873,0.29558203,0.22712632,0.20519879946347896,0.5013867364800805,0.4394257044991042,0.08743876,0.29570046,0.22730488,0.20456165128611614,0.4922613380951752,0.4290536076058243,3,2
65,96,0.00010,0.3,920,0.08150823,0.28549644,0.21973665,0.25851218131943554,0.5183706139149408,0.4585534150552608,0.08165335,0.2857505,0.2198361,0.2571921107003572,0.5144957404004322,0.4582211859653614,17,15
65,96,0.00050,0.3,920,0.084979326,0.29151213,0.22293998,0.22693539391498507,0.503959679738705,0.44187222588934905,0.084979326,0.29151213,0.22293998,0.22693539391498507,0.503959679738705,0.44187222588934905,2,2
65,96,0.00100,0.3,920,0.08670178,0.29445165,0.22662613,0.21126607838235234,0.4976550614539258,0.443251851713813,0.08670178,0.29445165,0.22662613,0.21126607838235234,0.4976550614539258,0.443251851713813,3,3
70,96,0.00010,0.3,920,0.08348384,0.2889357,0.22243612,0.24053993248137429,0.5063343762135175,0.44043344175904175,0.08348384,0.2889357,0.22243612,0.24053993248137429,0.5063343762135175,0.44043344175904175,17,17
70,96,0.00050,0.3,920,0.0858804,0.29305357,0.22473219,0.2187382750862663,0.496023629388078,0.4313108949135916,0.084772974,0.291158,0.22288015,0.2288125451523042,0.49391579102691985,0.4288119009099634,2,1
70,96,0.00100,0.3,920,0.08737462,0.29559198,0.22760063,0.20514514008140217,0.49198837654251404,0.4330713197701939,0.08737462,0.29559198,0.22760063,0.20514514008140217,0.49198837654251404,0.4330713197701939,3,3
75,96,0.00010,0.3,920,0.08157783,0.28561834,0.21858491,0.25787906858476894,0.516315385660486,0.4577559218889603,0.08157783,0.28561834,0.21858491,0.25787906858476894,0.516315385660486,0.4577559218889603,14,14
75,96,0.00050,0.3,920,0.085296765,0.2920561,0.22337228,0.22404756391541414,0.5003439214264278,0.4402322697970644,0.085296765,0.2920561,0.22337228,0.22404756391541414,0.5003439214264278,0.4402322697970644,2,2
75,96,0.00100,0.3,920,0.087227166,0.29534245,0.22659992,0.20648661227429943,0.4960513338097112,0.4377932177910093,0.087227166,0.29534245,0.22659992,0.20648661227429943,0.4960513338097112,0.4377932177910093,3,3
80,96,0.00010,0.3,920,0.08342168,0.2888281,0.2211059,0.24110543655446248,0.5057406324842876,0.4541937044931277,0.08342168,0.2888281,0.2211059,0.24110543655446248,0.5057406324842876,0.4541937044931277,14,14
80,96,0.00050,0.3,920,0.08540034,0.29223338,0.22319905,0.22310532240554248,0.49949076713569557,0.4402821330516828,0.08540034,0.29223338,0.22319905,0.22310532240554248,0.49949076713569557,0.4402821330516828,2,2
80,96,0.00100,0.3,920,0.08738312,0.29560637,0.2266671,0.20506785975421427,0.4955578272040542,0.4398434526070752,0.08738312,0.29560637,0.2266671,0.20506785975421427,0.4955578272040542,0.4398434526070752,3,3
85,96,0.00010,0.3,920,0.08196945,0.28630307,0.21767454,0.2543165571547804,0.5159511328849833,0.4601235815360853,0.08196945,0.28630307,0.21767454,0.2543165571547804,0.5159511328849833,0.4601235815360853,17,17
85,96,0.00050,0.3,920,0.0857806,0.29288325,0.22207777,0.21964614479968414,0.5028773064046714,0.44588514054681216,0.0857806,0.29288325,0.22207777,0.21964614479968414,0.5028773064046714,0.44588514054681216,2,2
85,96,0.00100,0.3,920,0.08724653,0.29537523,0.22717914,0.20631042243676567,0.5029191442787495,0.44605413189085524,0.08724653,0.29537523,0.22717914,0.20631042243676567,0.5029191442787495,0.44605413189085524,3,3
90,96,0.00010,0.3,920,0.0819818,0.28632465,0.21939358,0.2542041835385168,0.5222009115140769,0.4693516413269686,0.08193209,0.28623784,0.21980947,0.2546563682060353,0.5190605930811983,0.4668257624659587,18,14
90,96,0.00050,0.3,920,0.08571382,0.29276922,0.2242427,0.22025360809300853,0.5054359546382117,0.4490390343434369,0.08571382,0.29276922,0.2242427,0.22025360809300853,0.5054359546382117,0.4490390343434369,2,2
90,96,0.00100,0.3,920,0.092888184,0.30477563,0.23532672,0.15498778388852008,0.4826033555074349,0.4287217372080302,0.0879092,0.29649484,0.22862887,0.2002821012747913,0.4976276760447412,0.44174556084521477,2,3
95,96,0.00010,0.3,920,0.083550856,0.28905165,0.22124766,0.23993027885813145,0.5031950789222186,0.4471880428877831,0.083550856,0.28905165,0.22124766,0.23993027885813145,0.5031950789222186,0.4471880428877831,14,14
95,96,0.00050,0.3,920,0.086199656,0.2935978,0.22478004,0.21583389620277293,0.49297206553023143,0.4315701105835857,0.086199656,0.2935978,0.22478004,0.21583389620277293,0.49297206553023143,0.4315701105835857,2,2
95,96,0.00100,0.3,920,0.08862839,0.2977052,0.2281459,0.19373952957129004,0.49571869701747584,0.44115293784527004,0.08862839,0.2977052,0.2281459,0.19373952957129004,0.49571869701747584,0.44115293784527004,3,3
100,96,0.00010,0.3,920,0.08412779,0.2900479,0.22247903,0.23468185581514367,0.5048167588488993,0.4463675839542498,0.08335495,0.28871256,0.22250949,0.24171256255768137,0.5059922071059629,0.44260183910074924,11,14
100,96,0.00050,0.3,920,0.08687892,0.2947523,0.22607268,0.20965459056992486,0.4941456093308828,0.42821352101503685,0.08687892,0.2947523,0.22607268,0.20965459056992486,0.4941456093308828,0.42821352101503685,2,2
100,96,0.00100,0.3,920,0.088844664,0.29806823,0.22968681,0.19177208844579907,0.4896604007719048,0.4293596439625448,0.088844664,0.29806823,0.22968681,0.19177208844579907,0.4896604007719048,0.4293596439625448,3,3
105,96,0.00010,0.3,920,0.08373842,0.2893759,0.2217767,0.2382239776619759,0.505334459366491,0.4473532408102141,0.08334087,0.28868818,0.22165905,0.24184055848702235,0.5040667781151755,0.44392752975740096,14,13
105,96,0.00050,0.3,920,0.08637181,0.2938908,0.22581913,0.2142678686973596,0.5014966380698466,0.4396931170415014,0.08637181,0.2938908,0.22581913,0.2142678686973596,0.5014966380698466,0.4396931170415014,3,3
105,96,0.00100,0.3,920,0.09416206,0.30685836,0.23765542,0.14339928212589748,0.4833005031083356,0.4180268578361204,0.09061774,0.3010278,0.23068246,0.17564217280872296,0.45592101891160575,0.3956326121638162,3,4
110,96,0.00010,0.3,920,0.08675632,0.29454425,0.22515115,0.21076985968511575,0.48978307585810604,0.43565679582967604,0.08675632,0.29454425,0.22515115,0.21076985968511575,0.48978307585810604,0.43565679582967604,14,14
110,96,0.00050,0.3,920,0.08878013,0.29795995,0.22740091,0.19235908637547983,0.4862528256982378,0.4268258119882032,0.087532155,0.29585832,0.22677769,0.20371207002080038,0.48080515132685764,0.4212002283614551,2,1
110,96,0.00100,0.3,920,0.088295855,0.29714617,0.2285603,0.19676461277862933,0.5025101098414649,0.4445130270485507,0.088295855,0.29714617,0.2285603,0.19676461277862933,0.5025101098414649,0.4445130270485507,3,3
5,168,0.00010,0.3,920,0.08079922,0.28425205,0.2174358,0.2649621114663946,0.5221035789358796,0.4647158410011905,0.08121676,0.28498554,0.21805504,0.2611638022539028,0.519866974924236,0.46243198656156936,82,75
5,168,0.00050,0.3,920,0.0812541,0.28505105,0.21772836,0.2608240846420332,0.5209911446307124,0.46421944461647285,0.0812541,0.28505105,0.21772836,0.2608240846420332,0.5209911446307124,0.46421944461647285,2,2
5,168,0.00100,0.3,920,0.08355582,0.28906024,0.2210971,0.23988513936140343,0.514531778037886,0.4571459348403631,0.08293155,0.28797838,0.22009937,0.24556419577314215,0.5066068237844555,0.4489241910675413,2,1
10,168,0.00010,0.3,920,0.081944175,0.28625894,0.21827555,0.25454639265485335,0.5113031376857015,0.4460527571149522,0.08240983,0.2870711,0.21909411,0.2503103213747352,0.5115735495994009,0.44628072552428555,61,64
10,168,0.00050,0.3,920,0.083041616,0.2881694,0.21985742,0.24456287363724405,0.5085954365698623,0.44195604820597084,0.083041616,0.2881694,0.21985742,0.24456287363724405,0.5085954365698623,0.44195604820597084,4,4
10,168,0.00100,0.3,920,0.086081445,0.29339638,0.22423387,0.21690928246007424,0.4991991986973874,0.43228315701912895,0.0856103,0.29259238,0.22402865,0.22119535005956592,0.49294449678952795,0.4257062764614898,2,4
15,168,0.00010,0.3,920,0.08117044,0.28490427,0.2174961,0.2615851643602236,0.5191044276160692,0.4585158673172529,0.08117044,0.28490427,0.2174961,0.2615851643602236,0.5191044276160692,0.4585158673172529,42,42
15,168,0.00050,0.3,920,0.08241224,0.28707534,0.2191778,0.2502883467471263,0.509169125388225,0.44628906448423034,0.08241224,0.28707534,0.2191778,0.2502883467471263,0.509169125388225,0.44628906448423034,1,1
15,168,0.00100,0.3,920,0.08505874,0.29164833,0.22293505,0.22621292828926476,0.5036873157059392,0.444514531913492,0.08505874,0.29164833,0.22293505,0.22621292828926476,0.5036873157059392,0.444514531913492,2,2
20,168,0.00010,0.3,920,0.08350125,0.28896582,0.21957755,0.24038155837605457,0.5040326555752778,0.44288979939617024,0.08313817,0.2883369,0.21944965,0.24368460055738617,0.5047373917696855,0.4446625536623873,43,37
20,168,0.00050,0.3,920,0.08504936,0.29163224,0.22274105,0.2262982255547179,0.4961539734424574,0.43297550856210515,0.0850352,0.29160795,0.22125837,0.22642707224832181,0.4925310446248706,0.43651627831714984,2,1
20,168,0.00100,0.3,920,0.08599172,0.29324344,0.22440812,0.21772558324298252,0.4922558771753437,0.42904676782731904,0.08673978,0.29451618,0.22400525,0.21092041509075143,0.48669815986531173,0.4238210779038075,4,1
25,168,0.00010,0.3,920,0.083892934,0.28964278,0.22206748,0.23681839212019917,0.5013632059872756,0.45068097460930334,0.08412761,0.29004762,0.22261098,0.234683484753185,0.4991133431504671,0.4499429637084412,40,36
25,168,0.00050,0.3,920,0.08620443,0.29360592,0.22505088,0.2157904216704286,0.49556088420860017,0.4423516564094033,0.08620443,0.29360592,0.22505088,0.2157904216704286,0.49556088420860017,0.4423516564094033,2,2
25,168,0.00100,0.3,920,0.087215565,0.2953228,0.22663663,0.2065921567426351,0.4972274710735463,0.43410467888714305,0.087215565,0.2953228,0.22663663,0.2065921567426351,0.4972274710735463,0.43410467888714305,6,6
30,168,0.00010,0.3,920,0.08193743,0.28624716,0.21878675,0.254607745908221,0.5122326110766217,0.45624303436942815,0.08199577,0.28634903,0.21911927,0.25407710431244523,0.512735854687155,0.45714360162744677,25,24
30,168,0.00050,0.3,920,0.0832279,0.28849247,0.22069234,0.2428681907222059,0.5137609977324782,0.45290675826733456,0.0832279,0.28849247,0.22069234,0.2428681907222059,0.5137609977324782,0.45290675826733456,2,2
30,168,0.00100,0.3,920,0.0879985,0.2966454,0.2277537,0.19946966966538515,0.48875406289219847,0.427149030833461,0.0879985,0.2966454,0.2277537,0.19946966966538515,0.48875406289219847,0.427149030833461,4,4
35,168,0.00010,0.3,920,0.08178689,0.28598407,0.21753348,0.25597725767156876,0.517039691777007,0.45656384025247854,0.08161547,0.28568423,0.21784231,0.25753661643286796,0.5192380981253434,0.4572945472221994,36,38
35,168,0.00050,0.3,920,0.08502323,0.29158744,0.22228612,0.22653594552468304,0.5037786898090034,0.44026232983737706,0.083981045,0.28979483,0.22116265,0.23601686363360252,0.5049880572061913,0.4421133591830419,2,1
35,168,0.00100,0.3,920,0.084286444,0.2903213,0.22194894,0.23323857710481544,0.5132417985072057,0.4493299791087329,0.084286444,0.2903213,0.22194894,0.23323857710481544,0.5132417985072057,0.4493299791087329,3,3
40,168,0.00010,0.3,920,0.08199454,0.28634688,0.2195155,0.25408824717034784,0.5133403056410408,0.45689339367609355,0.08213823,0.2865977,0.21949138,0.2527810140941833,0.5122326458017351,0.4597266375702135,25,20
40,168,0.00050,0.3,920,0.08530756,0.2920746,0.22365439,0.22394941430041282,0.5013783470958969,0.4462393560880575,0.08530756,0.2920746,0.22365439,0.22394941430041282,0.5013783470958969,0.4462393560880575,2,2
40,168,0.00100,0.3,920,0.089737505,0.2995622,0.22894298,0.1836498138717626,0.48106144911364906,0.431945202117051,0.08710476,0.29513517,0.22664642,0.207600145768691,0.4815519081037679,0.4204405045897274,2,4
45,168,0.00010,0.3,920,0.08215822,0.28663257,0.2200539,0.25259921099066796,0.5120301675969939,0.45351020026774524,0.08215822,0.28663257,0.2200539,0.25259921099066796,0.5120301675969939,0.45351020026774524,26,26
45,168,0.00050,0.3,920,0.083994344,0.28981778,0.2222561,0.23589579358978463,0.5081203827323291,0.4492015711240877,0.083994344,0.28981778,0.2222561,0.23589579358978463,0.5081203827323291,0.4492015711240877,2,2
45,168,0.00100,0.3,920,0.08548179,0.2923727,0.225349,0.22236439070162428,0.5084567452003419,0.44547344473661565,0.0871567,0.29522315,0.22711757,0.20712760284622234,0.47952642440685894,0.4244087873401059,3,4
50,168,0.00010,0.3,920,0.08243764,0.28711957,0.22030798,0.250057337667857,0.5144288204773221,0.4548265601648845,0.08243764,0.28711957,0.22030798,0.250057337667857,0.5144288204773221,0.4548265601648845,30,30
50,168,0.00050,0.3,920,0.086487174,0.29408702,0.22531424,0.21321833373872157,0.49382080708574566,0.43584226617105026,0.086487174,0.29408702,0.22531424,0.21321833373872157,0.49382080708574566,0.43584226617105026,2,2
50,168,0.00100,0.3,920,0.08734416,0.29554045,0.22713561,0.20542230982848986,0.4975626147470358,0.4373542954818308,0.090042636,0.30007106,0.22896613,0.1808740485115199,0.4789681675438206,0.41937074453910667,3,2
55,168,0.00010,0.3,920,0.080933586,0.2844883,0.21717262,0.26373981852541395,0.5222249326681792,0.4714084247999543,0.08081189,0.2842743,0.21727957,0.26484700319654997,0.5215879783392863,0.4705495839166686,20,21
55,168,0.00050,0.3,920,0.08417425,0.290128,0.22141448,0.23425922948118605,0.5085272999137996,0.4526937039978737,0.08417425,0.290128,0.22141448,0.23425922948118605,0.5085272999137996,0.4526937039978737,2,2
55,168,0.00100,0.3,920,0.085361056,0.29216614,0.22427541,0.22346273136743622,0.5058447216018104,0.44599490854049284,0.085361056,0.29216614,0.22427541,0.22346273136743622,0.5058447216018104,0.44599490854049284,3,3
60,168,0.00010,0.3,920,0.08348865,0.28894404,0.22062749,0.24049619463672345,0.5065108689576899,0.44696721106204207,0.0835277,0.2890116,0.22058327,0.240140919601722,0.5056319548426508,0.44622285674182016,26,28
60,168,0.00050,0.3,920,0.08640587,0.29394877,0.22521785,0.2139579254522821,0.49294310277890463,0.4354212639426253,0.08640587,0.29394877,0.22521785,0.2139579254522821,0.49294310277890463,0.4354212639426253,2,2
60,168,0.00100,0.3,920,0.0869983,0.29495475,0.22709703,0.20856857273813423,0.49878869802487913,0.4377338214095961,0.0869983,0.29495475,0.22709703,0.20856857273813423,0.49878869802487913,0.4377338214095961,3,3
65,168,0.00010,0.3,920,0.082048826,0.28644165,0.21915463,0.253594377222921,0.5143437564762829,0.45879543686971413,0.082048826,0.28644165,0.21915463,0.253594377222921,0.5143437564762829,0.45879543686971413,18,18
65,168,0.00050,0.3,920,0.08540308,0.29223806,0.22351395,0.22308046523837743,0.5008516940085874,0.44225849813359214,0.08540308,0.29223806,0.22351395,0.22308046523837743,0.5008516940085874,0.44225849813359214,2,2
65,168,0.00100,0.3,920,0.089002155,0.2983323,0.2286226,0.1903393647459558,0.49159624833359267,0.43394255637061374,0.089002155,0.2983323,0.2286226,0.1903393647459558,0.49159624833359267,0.43394255637061374,3,3
70,168,0.00010,0.3,920,0.08362,0.28917122,0.22219665,0.2393013480844195,0.5031428194450874,0.44034873358720794,0.0835902,0.2891197,0.22200377,0.23957236401632032,0.5032322229203462,0.43886191439531824,18,21
70,168,0.00050,0.3,920,0.087057084,0.29505438,0.22549024,0.20803387355281633,0.49275363224504765,0.4341194591489762,0.087057084,0.29505438,0.22549024,0.20803387355281633,0.49275363224504765,0.4341194591489762,2,2
70,168,0.00100,0.3,920,0.08891609,0.29818803,0.229987,0.1911223114442797,0.49564462085287114,0.4318746281823608,0.08891609,0.29818803,0.229987,0.1911223114442797,0.49564462085287114,0.4318746281823608,3,3
75,168,0.00010,0.3,920,0.0825006,0.28722918,0.22018802,0.2494846056296488,0.5091244942457691,0.45103879966470656,0.0825006,0.28722918,0.22018802,0.2494846056296488,0.5091244942457691,0.45103879966470656,14,14
75,168,0.00050,0.3,920,0.084447555,0.2905986,0.22246818,0.23177292930844662,0.5010192417336176,0.44120790600809084,0.084447555,0.2905986,0.22246818,0.23177292930844662,0.5010192417336176,0.44120790600809084,1,1
75,168,0.00100,0.3,920,0.0866889,0.29442978,0.22661933,0.21138326410623431,0.5000771765063377,0.43698958960041023,0.0866889,0.29442978,0.22661933,0.21138326410623431,0.5000771765063377,0.43698958960041023,3,3
80,168,0.00010,0.3,920,0.08363463,0.28919652,0.22202818,0.2391681713583208,0.5055686183315887,0.4497463082357878,0.08368315,0.28928038,0.22199813,0.23872684364662178,0.5021318944527765,0.44808564209493157,26,21
80,168,0.00050,0.3,920,0.086479515,0.294074,0.22592027,0.21328804656694156,0.49670864960089656,0.44210677642511204,0.086479515,0.294074,0.22592027,0.21328804656694156,0.49670864960089656,0.44210677642511204,2,2
80,168,0.00100,0.3,920,0.09215058,0.30356315,0.23433642,0.16169788796084128,0.4771384100560429,0.4216727862649945,0.0913174,0.30218768,0.23190676,0.16927728822725474,0.4733120037412094,0.41718202741594207,3,2
85,168,0.00010,0.3,920,0.08485342,0.2912961,0.2236393,0.2280807996086779,0.5013272871951715,0.44162593829114505,0.084624335,0.2909026,0.2235624,0.23016473538221127,0.5021364157417308,0.44204037291764453,19,23
85,168,0.00050,0.3,920,0.086904265,0.2947953,0.22563997,0.2094240845207168,0.4889831245496174,0.43268315113089484,0.086904265,0.2947953,0.22563997,0.2094240845207168,0.4889831245496174,0.43268315113089484,1,1
85,168,0.00100,0.3,920,0.089532405,0.29921967,0.22986661,0.18551553534749665,0.48678250390195266,0.4306816157146063,0.09005048,0.3000841,0.22982687,0.18080264904668797,0.4748409545436115,0.42092762109853493,3,1
90,168,0.00010,0.3,920,0.08479057,0.2911882,0.22338165,0.22865248259050752,0.4999343522052708,0.4394316577901001,0.08479057,0.2911882,0.22338165,0.22865248259050752,0.4999343522052708,0.4394316577901001,20,20
90,168,0.00050,0.3,920,0.087755255,0.29623514,0.22637174,0.20168251896031308,0.4913826114594848,0.4295545141841748,0.087755255,0.29623514,0.22637174,0.20168251896031308,0.4913826114594848,0.4295545141841748,2,2
90,168,0.00100,0.3,920,0.093986675,0.30657247,0.23500025,0.14499471479259862,0.47161492161280183,0.410539536515068,0.09031879,0.30053085,0.23041746,0.17836180520538036,0.4606395834982931,0.404839402396964,2,5
95,168,0.00010,0.3,920,0.08414514,0.29007784,0.2231282,0.23452392602778616,0.5044689243543644,0.44904851631871673,0.08418722,0.29015034,0.22256444,0.23414129450827936,0.5017106762647167,0.4515028171597423,22,14
95,168,0.00050,0.3,920,0.087898225,0.29647633,0.22749053,0.20038188650549915,0.49145037124947427,0.433065865503095,0.087898225,0.29647633,0.22749053,0.20038188650549915,0.49145037124947427,0.433065865503095,2,2
95,168,0.00100,0.3,920,0.097236,0.31182688,0.2403293,0.11543529782231499,0.47986828635923773,0.42687750659335844,0.09076443,0.30127135,0.23048821,0.17430771904224562,0.46333112380075653,0.41450735384981,9,5
100,168,0.00010,0.3,920,0.08392184,0.28969267,0.22259584,0.23655539023672822,0.5040240751957551,0.43919388330714143,0.08392184,0.28969267,0.22259584,0.23655539023672822,0.5040240751957551,0.43919388330714143,18,18
100,168,0.00050,0.3,920,0.08687875,0.294752,0.22597957,0.2096561398437261,0.49298503708351366,0.4326811789558167,0.08687875,0.294752,0.22597957,0.2096561398437261,0.49298503708351366,0.4326811789558167,2,2
100,168,0.00100,0.3,920,0.09665835,0.31089926,0.2393273,0.12069023318540995,0.48122894040238284,0.4293646940695253,0.089801215,0.29966852,0.2283262,0.18307022732186584,0.47567891617502905,0.41260136946353404,9,1
105,168,0.00010,0.3,920,0.08396142,0.28976098,0.22283463,0.2361953455674024,0.5054159552381035,0.4462496790806838,0.08396511,0.28976732,0.22325654,0.23616183492530352,0.501880969975343,0.4452549147290493,20,14
105,168,0.00050,0.3,920,0.08649441,0.29409933,0.22529477,0.21315258561104244,0.49649574462465806,0.43256730747393307,0.08649441,0.29409933,0.22529477,0.21315258561104244,0.49649574462465806,0.43256730747393307,2,2
105,168,0.00100,0.3,920,0.09277981,0.3045978,0.23396587,0.15597375821625448,0.47428204904323273,0.40722762242711663,0.09277981,0.3045978,0.23396587,0.15597375821625448,0.47428204904323273,0.40722762242711663,2,2
110,168,0.00010,0.3,920,0.08367654,0.28926897,0.22196491,0.23878692429688553,0.5091935034693076,0.4499507254772167,0.08383301,0.2895393,0.22250406,0.23736350869124156,0.5083033997315786,0.4500599510122383,25,24
110,168,0.00050,0.3,920,0.08684232,0.29469022,0.22627695,0.20998753965866768,0.4959213331162903,0.43396775385950087,0.08684232,0.29469022,0.22627695,0.20998753965866768,0.4959213331162903,0.43396775385950087,2,2
110,168,0.00100,0.3,920,0.09399769,0.3065904,0.23651227,0.14489460975419033,0.466979505412209,0.4077135826590852,0.09399769,0.3065904,0.23651227,0.14489460975419033,0.466979505412209,0.4077135826590852,11,11
5,96,0.00010,0.3,630,0.080648914,0.28398752,0.21707523,0.30157425515269853,0.5508140472550824,0.48418448612020315,0.08034533,0.2834525,0.2166007,0.30420322793612564,0.5519910229572544,0.4851213388775638,61,39
5,96,0.00050,0.3,630,0.08102161,0.28464293,0.21771206,0.29834668907381945,0.5479463262480784,0.4829734426611691,0.08102161,0.28464293,0.21771206,0.29834668907381945,0.5479463262480784,0.4829734426611691,1,1
5,96,0.00100,0.3,630,0.08365699,0.28923517,0.22184035,0.27552403663381375,0.5315404370928895,0.4655948210265278,0.08207511,0.28648755,0.21951142,0.28922327330938946,0.5406992265788764,0.47379331309077644,7,3
10,96,0.00010,0.3,630,0.08160098,0.28565884,0.21910575,0.29332924608909183,0.5436938639665883,0.47222782296228255,0.08160098,0.28565884,0.21910575,0.29332924608909183,0.5436938639665883,0.47222782296228255,43,43
10,96,0.00050,0.3,630,0.08352646,0.28900945,0.2216341,0.2766544287750221,0.5304664607311195,0.4620533805717364,0.08361293,0.289159,0.22242117,0.2759056345699126,0.5291345222871874,0.4538033996319907,0,3
10,96,0.00100,0.3,630,0.08753199,0.29585806,0.22686496,0.2419661974231072,0.512640617841405,0.44838404880799254,0.086177245,0.2935596,0.22566907,0.2536984220748534,0.5141423392535958,0.45073415148771245,7,1
15,96,0.00010,0.3,630,0.08293776,0.28798917,0.22140126,0.28175261874433133,0.5338094040525484,0.47736759034072723,0.08308508,0.28824484,0.22140574,0.28047681999915797,0.5315644255881785,0.4735031388495687,33,35
15,96,0.00050,0.3,630,0.08380571,0.28949216,0.22182305,0.27423613869026153,0.5270083486689573,0.4721401581065543,0.08380571,0.28949216,0.22182305,0.27423613869026153,0.5270083486689573,0.4721401581065543,0,0
15,96,0.00100,0.3,630,0.087528884,0.2958528,0.22744218,0.24199317776172835,0.5087951406450912,0.4467695232276535,0.08569279,0.2927333,0.22538917,0.2578938260571191,0.5143457846979922,0.45850309221328,7,0
20,96,0.00010,0.3,630,0.084193416,0.290161,0.2222399,0.2708785007720953,0.5246510600839106,0.459147884990993,0.084111445,0.29001972,0.22232552,0.2715884570574363,0.5237369099038811,0.4609845481945501,33,29
20,96,0.00050,0.3,630,0.08478057,0.291171,0.22292838,0.2657937756419817,0.5231228038733755,0.4574082426599581,0.08478057,0.291171,0.22292838,0.2657937756419817,0.5231228038733755,0.4574082426599581,0,0
20,96,0.00100,0.3,630,0.08556191,0.29250968,0.22355907,0.25902727416182525,0.5163630381425377,0.46088952067816097,0.08556191,0.29250968,0.22355907,0.25902727416182525,0.5163630381425377,0.46088952067816097,1,1
25,96,0.00010,0.3,630,0.08419421,0.29016238,0.22297232,0.27087162708589285,0.5241540743811753,0.46207574893980125,0.08419421,0.29016238,0.22297232,0.27087162708589285,0.5241540743811753,0.46207574893980125,26,26
25,96,0.00050,0.3,630,0.089342445,0.29890206,0.22964211,0.22628760604309672,0.5038958232547723,0.4451919599846624,0.08547811,0.29236642,0.2244641,0.25975289318638584,0.5143026504539495,0.45361853426773546,7,0
25,96,0.00100,0.3,630,0.090852186,0.30141696,0.23134838,0.2132131129413709,0.49109127685302406,0.4383966965568545,0.090852186,0.30141696,0.23134838,0.2132131129413709,0.49109127685302406,0.4383966965568545,0,0
30,96,0.00010,0.3,630,0.08370856,0.2893243,0.2212262,0.27507736251689563,0.5294058222398729,0.4774028387865721,0.08370856,0.2893243,0.2212262,0.27507736251689563,0.5294058222398729,0.4774028387865721,25,25
30,96,0.00050,0.3,630,0.086086184,0.29340446,0.22465064,0.25448706145001143,0.5138186780772137,0.46125111894728466,0.086086184,0.29340446,0.22465064,0.25448706145001143,0.5138186780772137,0.46125111894728466,0,0
30,96,0.00100,0.3,630,0.08805087,0.29673368,0.2270703,0.2374726989677205,0.5068793577437694,0.45357023713356104,0.0871527,0.29521635,0.2259482,0.2452509098326464,0.5059748317204396,0.45801402057974483,3,1
35,96,0.00010,0.3,630,0.084759824,0.2911354,0.22366247,0.26597347712793706,0.5234315319573829,0.4654939962930056,0.08466772,0.29097718,0.22331558,0.2667709967894414,0.5228435269847217,0.4651919983798737,25,24
35,96,0.00050,0.3,630,0.08632527,0.29381162,0.22618361,0.2524165271327402,0.5167272980227589,0.46050494464329367,0.08632527,0.29381162,0.22618361,0.2524165271327402,0.5167272980227589,0.46050494464329367,0,0
35,96,0.00100,0.3,630,0.08761395,0.29599655,0.22729114,0.24125647586139942,0.5036069841040955,0.4458255946406246,0.08761395,0.29599655,0.22729114,0.24125647586139942,0.5036069841040955,0.4458255946406246,2,2
40,96,0.00010,0.3,630,0.08654617,0.2941873,0.22523436,0.25050353817390847,0.5076728492909509,0.45902665638693824,0.08654617,0.2941873,0.22523436,0.25050353817390847,0.5076728492909509,0.45902665638693824,20,20
40,96,0.00050,0.3,630,0.08834584,0.29723027,0.22735107,0.2349182118997274,0.5026632230516384,0.44947899119184176,0.08852419,0.29753014,0.22829658,0.23337370907852117,0.4953406084187966,0.44592689547985487,0,1
40,96,0.00100,0.3,630,0.09142729,0.30236945,0.2322279,0.20823255692463827,0.4886990216122233,0.43013285860854206,0.091500066,0.3024898,0.23250516,0.2076024099960596,0.47970740522407773,0.428356646382004,7,1
45,96,0.00010,0.3,630,0.08543092,0.29228568,0.22415143,0.2601616626323858,0.5172056512968798,0.4616845983565043,0.085453756,0.29232475,0.22442362,0.25996390351144305,0.5161660468656728,0.4594012648228802,18,20
45,96,0.00050,0.3,630,0.08732966,0.29551592,0.22776891,0.24371835917201234,0.5078195242201119,0.45117154304058027,0.08732966,0.29551592,0.22776891,0.24371835917201234,0.5078195242201119,0.45117154304058027,0,0
45,96,0.00100,0.3,630,0.08843994,0.29738852,0.2277571,0.23410327150449217,0.5024764703297092,0.449708915357321,0.08835226,0.2972411,0.22768395,0.23486262458379215,0.5064930532533742,0.45878624868688217,3,1
50,96,0.00010,0.3,630,0.08693777,0.2948521,0.22622824,0.24711217553602394,0.5081048859770385,0.4515626405778616,0.086492665,0.29409635,0.22512932,0.2509668548414108,0.5092221821491587,0.4557217513184982,29,25
50,96,0.00050,0.3,630,0.09229768,0.30380532,0.23269595,0.20069508994186058,0.4865533580517727,0.43347877329901774,0.08849147,0.29747516,0.22731483,0.23365708878045277,0.5009396281379279,0.44748040993278804,7,0
50,96,0.00100,0.3,630,0.09296791,0.3049064,0.23411982,0.19489069545294913,0.48375664540177965,0.4292904121012966,0.09296791,0.3049064,0.23411982,0.19489069545294913,0.48375664540177965,0.4292904121012966,0,0
55,96,0.00010,0.3,630,0.08557723,0.29253584,0.22437532,0.2588946068475142,0.5191188315067641,0.4550251207300476,0.085168995,0.29183728,0.22415136,0.262429990403245,0.5193622138246398,0.4602413930929453,22,15
55,96,0.00050,0.3,630,0.0878177,0.29634053,0.22727877,0.23949201185141378,0.5081371016996911,0.4542779076082517,0.0878177,0.29634053,0.22727877,0.23949201185141378,0.5081371016996911,0.4542779076082517,1,1
55,96,0.00100,0.3,630,0.09053139,0.30088434,0.23107235,0.21599124875992337,0.4951671290324839,0.43896355259421826,0.09053139,0.30088434,0.23107235,0.21599124875992337,0.4951671290324839,0.43896355259421826,6,6
60,96,0.00010,0.3,630,0.08494604,0.29145503,0.22420456,0.2643607958409089,0.521654880125828,0.4575486144156551,0.08530271,0.29206628,0.2242704,0.2612718911890871,0.5175101561344819,0.45733294384085904,22,20
60,96,0.00050,0.3,630,0.08746215,0.29574,0.2264716,0.2425710543650279,0.5100905700369112,0.4494532979753011,0.08746215,0.29574,0.2264716,0.2425710543650279,0.5100905700369112,0.4494532979753011,0,0
60,96,0.00100,0.3,630,0.090584435,0.3009725,0.23020357,0.21553179582685567,0.4951722615459116,0.4406725638637874,0.08820165,0.29698762,0.22677222,0.23616688976173705,0.5017857364344166,0.4492690933020966,3,1
65,96,0.00010,0.3,630,0.08530603,0.29207197,0.22481886,0.26124320668685663,0.517532976207773,0.4618286081847691,0.08530603,0.29207197,0.22481886,0.26124320668685663,0.517532976207773,0.4618286081847691,18,18
65,96,0.00050,0.3,630,0.08845556,0.29741478,0.2289209,0.2339679880842257,0.5025551554921516,0.44931912249942263,0.08845556,0.29741478,0.2289209,0.2339679880842257,0.5025551554921516,0.44931912249942263,0,0
65,96,0.00100,0.3,630,0.08936051,0.29893228,0.22937496,0.22613113472716617,0.4978361896159686,0.45071514648963473,0.08936051,0.29893228,0.22937496,0.22613113472716617,0.4978361896159686,0.45071514648963473,1,1
70,96,0.00010,0.3,630,0.085752025,0.29283446,0.22476012,0.2573808447244328,0.5154282397661384,0.45888995048981707,0.085752025,0.29283446,0.22476012,0.2573808447244328,0.5154282397661384,0.45888995048981707,16,16
70,96,0.00050,0.3,630,0.08820825,0.29699874,0.22796813,0.23610975532513034,0.5039223274434559,0.44796156886900107,0.08836305,0.29725924,0.22705775,0.23476923333630262,0.4989512098148483,0.44330377695650897,0,2
70,96,0.00100,0.3,630,0.09301516,0.30498385,0.23429546,0.19448154007198082,0.4849114552594467,0.4344101962878765,0.091901734,0.30315298,0.23264278,0.2041238970298518,0.4783205546993571,0.43561809763587744,0,3
75,96,0.00010,0.3,630,0.088677354,0.29778743,0.229811,0.23204735659548836,0.501027017319771,0.44346175683187367,0.08780288,0.29631552,0.2289979,0.2396203254904059,0.5024426525836271,0.44406285154628594,29,16
75,96,0.00050,0.3,630,0.09058842,0.3009791,0.23204727,0.2154973195922999,0.4909084778202429,0.438878464259246,0.09058842,0.3009791,0.23204727,0.2154973195922999,0.4909084778202429,0.438878464259246,1,1
75,96,0.00100,0.3,630,0.0961169,0.31002727,0.23926033,0.1676202730206222,0.48012131378440404,0.4204481913427374,0.0923835,0.30394652,0.23338912,0.1999517986736652,0.4719879462155677,0.4120367181235962,8,5
80,96,0.00010,0.3,630,0.086520836,0.29414424,0.22539924,0.25072292089606896,0.5136419256438542,0.45889420616956605,0.086520836,0.29414424,0.22539924,0.25072292089606896,0.5136419256438542,0.45889420616956605,15,15
80,96,0.00050,0.3,630,0.08955838,0.29926306,0.22840102,0.224417579071863,0.5007522584052986,0.45030070049600107,0.08955838,0.29926306,0.22840102,0.224417579071863,0.5007522584052986,0.45030070049600107,1,1
80,96,0.00100,0.3,630,0.0889744,0.29828578,0.22826424,0.22947482318592105,0.4965795253602699,0.4442111871508203,0.0889744,0.29828578,0.22826424,0.22947482318592105,0.4965795253602699,0.4442111871508203,2,2
85,96,0.00010,0.3,630,0.08719711,0.29529157,0.2258933,0.24486638400789718,0.5039073350574421,0.4536102919273165,0.08719711,0.29529157,0.2258933,0.24486638400789718,0.5039073350574421,0.4536102919273165,13,13
85,96,0.00050,0.3,630,0.088772655,0.2979474,0.22811513,0.23122203919903572,0.4997392865233513,0.4541674152838238,0.088772655,0.2979474,0.22811513,0.23122203919903572,0.4997392865233513,0.4541674152838238,1,1
85,96,0.00100,0.3,630,0.09032176,0.30053577,0.23070608,0.21780662421404184,0.4949121034426103,0.44760533280928244,0.0893031,0.29883623,0.22947952,0.22662827060310065,0.49267772319127,0.4424588271825288,3,2
90,96,0.00010,0.3,630,0.08790153,0.29648194,0.2266257,0.23876595451732396,0.5028433643382021,0.4485046836568971,0.08752087,0.29583925,0.22583698,0.24206250570179666,0.503808587919212,0.45444865262836276,20,16
90,96,0.00050,0.3,630,0.091008276,0.30167577,0.23174721,0.2118613661501091,0.49317557511105126,0.44826747071627865,0.09084643,0.3014074,0.23009017,0.21326293968366739,0.4837218902405564,0.4351326482874053,1,2
90,96,0.00100,0.3,630,0.095345154,0.3087801,0.23679866,0.17430366427129163,0.479999264188314,0.43648318784526835,0.09343316,0.30566838,0.23424025,0.19086174836418435,0.4670164548990172,0.4186274815833865,3,5
95,96,0.00010,0.3,630,0.08864415,0.29773167,0.22877026,0.2323348764925619,0.499545191921143,0.44637395719506084,0.08864415,0.29773167,0.22877026,0.2323348764925619,0.499545191921143,0.44637395719506084,17,17
95,96,0.00050,0.3,630,0.089390896,0.2989831,0.22991675,0.22586792158837776,0.4953438171496611,0.4432302734924368,0.089390896,0.2989831,0.22991675,0.22586792158837776,0.4953438171496611,0.4432302734924368,0,0
95,96,0.00100,0.3,630,0.088328674,0.2972014,0.2284494,0.23506687817947058,0.5035374673252249,0.45568832601368836,0.088328674,0.2972014,0.2284494,0.23506687817947058,0.5035374673252249,0.45568832601368836,1,1
100,96,0.00010,0.3,630,0.08823991,0.29705203,0.22764497,0.23583563062162627,0.5045774156828233,0.4505804525521041,0.08751586,0.2958308,0.22600344,0.2421058926864451,0.5063140183039263,0.4542550005705288,17,16
100,96,0.00050,0.3,630,0.089201495,0.29866618,0.22944793,0.22750822663143644,0.49882744418903946,0.4501768375602925,0.089201495,0.29866618,0.22944793,0.22750822663143644,0.49882744418903946,0.4501768375602925,0,0
100,96,0.00100,0.3,630,0.08865136,0.29774377,0.22913784,0.2322724189207782,0.5014232707956467,0.45062476492010917,0.08865136,0.29774377,0.22913784,0.2322724189207782,0.5014232707956467,0.45062476492010917,1,1
105,96,0.00010,0.3,630,0.087446466,0.29571348,0.22601758,0.24270694774391788,0.5066610740269951,0.4508169152705023,0.08723134,0.2953495,0.22535482,0.2445698338486425,0.5037958631387961,0.4466215848367358,15,13
105,96,0.00050,0.3,630,0.09081926,0.30136234,0.23047636,0.21349823738770468,0.48282123459925674,0.430565626948553,0.09081926,0.30136234,0.23047636,0.21349823738770468,0.48282123459925674,0.430565626948553,0,0
105,96,0.00100,0.3,630,0.08885105,0.29807892,0.22846511,0.2305430205042338,0.4949955853173748,0.4449972848965282,0.08885105,0.29807892,0.22846511,0.2305430205042338,0.4949955853173748,0.4449972848965282,1,1
110,96,0.00010,0.3,630,0.08798119,0.29661623,0.22803071,0.23807620666470186,0.5009875159820787,0.4480798608522179,0.08798119,0.29661623,0.22803071,0.23807620666470186,0.5009875159820787,0.4480798608522179,7,7
110,96,0.00050,0.3,630,0.09032668,0.30054396,0.22955197,0.21776401938111956,0.4971172981054494,0.44457299318350496,0.08789735,0.29647487,0.22726744,0.2388021094388073,0.5014134658887046,0.45119543521859234,3,1
110,96,0.00100,0.3,630,0.09434548,0.3071571,0.23591402,0.18296086268799794,0.472700942297487,0.42203799369082057,0.09433748,0.30714408,0.2360852,0.1830302293898841,0.46025425023164973,0.4014652591445315,0,5
5,168,0.00010,0.3,630,0.0849976,0.29154348,0.22247641,0.26391423420809934,0.5194810946417636,0.45504613251261916,0.08493328,0.29143316,0.22224009,0.26447129286918425,0.5174291364185962,0.4552552198463348,107,99
5,168,0.00050,0.3,630,0.08616933,0.29354614,0.22510903,0.2537669045772708,0.5147057339743439,0.44595992678897045,0.08635404,0.29386058,0.22463246,0.25216741359202877,0.5091698500443933,0.43946236275881123,3,5
5,168,0.00100,0.3,630,0.086952694,0.2948774,0.22612719,0.24698305182567493,0.5093007405096164,0.440302438363425,0.086952694,0.2948774,0.22612719,0.24698305182567493,0.5093007405096164,0.440302438363425,7,7
10,168,0.00010,0.3,630,0.0814047,0.2853151,0.21862897,0.2950289565918547,0.5446998796963849,0.4788429585402256,0.0814047,0.2853151,0.21862897,0.2950289565918547,0.5446998796963849,0.4788429585402256,47,47
10,168,0.00050,0.3,630,0.08130102,0.28513333,0.21792202,0.2959269625431846,0.5466916436148261,0.483452988726206,0.08130102,0.28513333,0.21792202,0.2959269625431846,0.5466916436148261,0.483452988726206,0,0
10,168,0.00100,0.3,630,0.08229665,0.28687394,0.21913557,0.28730475812260226,0.5411746824380692,0.47886328758893115,0.08229665,0.28687394,0.21913557,0.28730475812260226,0.5411746824380692,0.47886328758893115,0,0
15,168,0.00010,0.3,630,0.083370894,0.2887402,0.22115585,0.27800164010536366,0.5292135292063858,0.4721177670044828,0.083370894,0.2887402,0.22115585,0.27800164010536366,0.5292135292063858,0.4721177670044828,38,38
15,168,0.00050,0.3,630,0.08373127,0.28936356,0.22143134,0.27488076537037753,0.5281948727599253,0.471415738352448,0.08373127,0.28936356,0.22143134,0.27488076537037753,0.5281948727599253,0.471415738352448,0,0
15,168,0.00100,0.3,630,0.08511948,0.29175243,0.22380693,0.26285877943650204,0.5263667172288619,0.46824847127540253,0.08514985,0.29180446,0.22310312,0.2625957199315798,0.5162367377626973,0.4565302073282678,1,2
20,168,0.00010,0.3,630,0.08305977,0.2882009,0.22062258,0.28069597525861223,0.5336013915906169,0.4785628837875279,0.082909,0.28793922,0.2204759,0.28200164030966934,0.5332650874206141,0.48024800540508583,38,34
20,168,0.00050,0.3,630,0.0841861,0.2901484,0.2220797,0.2709419172595301,0.5310232335607644,0.47636745192220165,0.0841861,0.2901484,0.2220797,0.2709419172595301,0.5310232335607644,0.47636745192220165,0,0
20,168,0.00100,0.3,630,0.08532133,0.29209816,0.22501548,0.2611107217559532,0.5278334582190438,0.4706030026659222,0.08655186,0.29419696,0.22580855,0.25045429906728023,0.5070058630680094,0.44739080131948933,1,2
25,168,0.00010,0.3,630,0.08370718,0.28932193,0.2215371,0.2750893291353049,0.527025961259195,0.47581895864722706,0.08370718,0.28932193,0.2215371,0.2750893291353049,0.527025961259195,0.47581895864722706,34,34
25,168,0.00050,0.3,630,0.084619954,0.2908951,0.22246337,0.26718470605718203,0.5234624964188433,0.4725181103359776,0.084619954,0.2908951,0.22246337,0.26718470605718203,0.5234624964188433,0.4725181103359776,0,0
25,168,0.00100,0.3,630,0.086844064,0.29469317,0.22609638,0.24792370841985067,0.5147441707460179,0.45681430600014655,0.0858355,0.29297698,0.22507867,0.25665799496539854,0.5141710424134774,0.4602418787165878,3,1
30,168,0.00010,0.3,630,0.084310345,0.29036245,0.22196804,0.269865966905101,0.5250395758989113,0.47174321098305627,0.084310345,0.29036245,0.22196804,0.269865966905101,0.5250395758989113,0.47174321098305627,28,28
30,168,0.00050,0.3,630,0.086453155,0.29402918,0.22545421,0.2513090344926767,0.5165705656466405,0.4626781009710824,0.08563293,0.29263103,0.22324033,0.2584122497340642,0.5185394878543201,0.46567728227529714,1,0
30,168,0.00100,0.3,630,0.08958356,0.29930514,0.22895464,0.22419952164472745,0.5034073472485132,0.4534402851309221,0.08827418,0.29710972,0.22770895,0.2355387498187227,0.4984941966119762,0.43756127246983006,1,2
35,168,0.00010,0.3,630,0.08446218,0.29062378,0.22194931,0.26855095549877483,0.5231276668624364,0.467052980800544,0.08478659,0.29118136,0.2223495,0.2657416587806398,0.5203823195686509,0.46558456289208544,33,32
35,168,0.00050,0.3,630,0.085764885,0.29285643,0.22290464,0.2572695364143629,0.5181471556558034,0.4591113153017844,0.085764885,0.29285643,0.22290464,0.2572695364143629,0.5181471556558034,0.4591113153017844,0,0
35,168,0.00100,0.3,630,0.09110853,0.30184188,0.23091339,0.21099311564184098,0.492580316886851,0.43688813544461447,0.087215275,0.29532233,0.22557184,0.24470898294058385,0.506104009198303,0.45441923608672946,7,1
40,168,0.00010,0.3,630,0.086301595,0.29377133,0.2260335,0.2526216025120307,0.5123642535704863,0.4552408721368673,0.08586797,0.29303238,0.22492701,0.2563767481666295,0.5113669278753596,0.45989310432172764,33,23
40,168,0.00050,0.3,630,0.087996945,0.29664278,0.2277544,0.23793966635036112,0.503328520460967,0.4460940744184194,0.087996945,0.29664278,0.2277544,0.23793966635036112,0.503328520460967,0.4460940744184194,0,0
40,168,0.00100,0.3,630,0.090144165,0.3002402,0.23142701,0.21934462906133867,0.49574976491295364,0.443876906948214,0.09106349,0.3017673,0.23192152,0.21138309836713232,0.4885665849778784,0.4350947829047923,1,0
45,168,0.00010,0.3,630,0.08579946,0.29291546,0.22471046,0.256970013152085,0.5172573964107371,0.4559370076291727,0.08564118,0.29264516,0.22456636,0.2583407625440316,0.5153834780173513,0.45773853178139307,33,27
45,168,0.00050,0.3,630,0.08913768,0.29855934,0.22933443,0.22806085648242014,0.5061581679881623,0.45013265640218264,0.08664949,0.29436287,0.2267163,0.24960879445880935,0.5131391708980018,0.45617057491922125,0,1
45,168,0.00100,0.3,630,0.09239962,0.30397305,0.23359898,0.1998122547705844,0.4902786369038697,0.4376833476324973,0.08926604,0.29877424,0.23014028,0.22694919791200874,0.4977015581641738,0.44347898541992997,0,3
50,168,0.00010,0.3,630,0.08720862,0.29531106,0.2261546,0.24476660499869152,0.5072017865651653,0.45537503056224077,0.08677324,0.29457298,0.22547115,0.24853709824445647,0.5072708038115051,0.45569675148916106,35,29
50,168,0.00050,0.3,630,0.093888044,0.30641156,0.2347649,0.1869223443292657,0.47502221071448336,0.41956157202902794,0.08995715,0.29992858,0.22975644,0.2209641417078415,0.4942896288966335,0.4415352512149732,7,0
50,168,0.00100,0.3,630,0.09820967,0.31338423,0.24170956,0.14949664338755786,0.4570209681622481,0.4087348038400339,0.09649422,0.31063518,0.23799875,0.16435266123540893,0.4622205455780746,0.4178208285066458,9,12
55,168,0.00010,0.3,630,0.08519356,0.29187936,0.22467867,0.2622172258902582,0.5190401466083162,0.46922569381520274,0.08519356,0.29187936,0.22467867,0.2622172258902582,0.5190401466083162,0.46922569381520274,18,18
55,168,0.00050,0.3,630,0.08741855,0.29566628,0.2264633,0.24294862886366897,0.5122845414942898,0.460141639429169,0.08626955,0.2937168,0.22632422,0.2528990631687592,0.5134257074481611,0.46588784464509414,0,1
55,168,0.00100,0.3,630,0.091268726,0.30210716,0.23161848,0.20960589794752948,0.49199030990963155,0.43224294574982086,0.09105549,0.30175403,0.23184332,0.21145241800788805,0.4885904958465761,0.4320661130679232,7,3
60,168,0.00010,0.3,630,0.08637172,0.29389066,0.22556269,0.252014246864663,0.5116125939485335,0.45452363253986827,0.08669199,0.29443502,0.22577743,0.24924065665604056,0.5068105030217128,0.4518236370784601,24,20
60,168,0.00050,0.3,630,0.087299235,0.29546443,0.2273742,0.24398195621673102,0.5070739422429036,0.4543836902042973,0.087299235,0.29546443,0.2273742,0.24398195621673102,0.5070739422429036,0.4543836902042973,1,1
60,168,0.00100,0.3,630,0.09383148,0.30631924,0.23376891,0.18741212705683097,0.47752860390930696,0.4237682865166355,0.09040757,0.30067852,0.23101828,0.21706340259816181,0.49683027262352514,0.44586100159301606,7,3
65,168,0.00010,0.3,630,0.08719783,0.2952928,0.22687459,0.24486002934412843,0.5076925321290352,0.45161903607041276,0.08640718,0.29395097,0.22599433,0.25170715438638747,0.5113339576024619,0.4548063507523419,32,29
65,168,0.00050,0.3,630,0.09213667,0.30354023,0.2329544,0.202089292388264,0.49180981315847516,0.43723429732320773,0.088455245,0.29741427,0.22768986,0.23397074414196484,0.4984702655621688,0.44645537335645524,7,0
65,168,0.00100,0.3,630,0.093763135,0.30620766,0.23533504,0.1880040659861122,0.4749329119351575,0.423103453225517,0.093763135,0.30620766,0.23533504,0.1880040659861122,0.4749329119351575,0.423103453225517,0,0
70,168,0.00010,0.3,630,0.0858822,0.29305667,0.2249577,0.2562535933589495,0.5152504882010572,0.460474831556956,0.08575731,0.2928435,0.22438735,0.257335184696729,0.5153901451910078,0.4612233809331439,21,23
70,168,0.00050,0.3,630,0.08853435,0.29754722,0.22876921,0.23328574473522545,0.5028792204209488,0.44872336396157647,0.08853435,0.29754722,0.22876921,0.23328574473522545,0.5028792204209488,0.44872336396157647,1,1
70,168,0.00100,0.3,630,0.09238312,0.3039459,0.2328261,0.1999551178450505,0.483959518486914,0.43779687305231535,0.09145898,0.30242187,0.23336233,0.20795817912911796,0.4882648876231835,0.43369536144358317,1,3
75,168,0.00010,0.3,630,0.08685409,0.2947102,0.22726014,0.24783690069507225,0.5083524101345394,0.44669474539620735,0.08688507,0.29476273,0.22731134,0.2475686302161505,0.5073175203713337,0.4442340790325387,24,25
75,168,0.00050,0.3,630,0.089788266,0.2996469,0.2309288,0.22242675468625628,0.4933933473077065,0.43758502382330816,0.089788266,0.2996469,0.2309288,0.22242675468625628,0.4933933473077065,0.43758502382330816,1,1
75,168,0.00100,0.3,630,0.09147501,0.30244836,0.23284431,0.20781939276187733,0.490042368812536,0.4348663945477638,0.09147501,0.30244836,0.23284431,0.20781939276187733,0.490042368812536,0.4348663945477638,3,3
80,168,0.00010,0.3,630,0.086187646,0.2935773,0.22471765,0.2536083364736387,0.5119199911976311,0.4589254546932371,0.086187646,0.2935773,0.22471765,0.2536083364736387,0.5119199911976311,0.4589254546932371,19,19
80,168,0.00050,0.3,630,0.08901041,0.29834613,0.22932753,0.22916301614233958,0.5013458624827186,0.45241061411757777,0.08901041,0.29834613,0.22932753,0.22916301614233958,0.5013458624827186,0.45241061411757777,1,1
80,168,0.00100,0.3,630,0.09520847,0.3085587,0.23707193,0.17548723727274518,0.46782251494307925,0.41502068090484456,0.09285394,0.30471945,0.23248203,0.1958777545932664,0.46941022965762075,0.42175628474881277,7,2
85,168,0.00010,0.3,630,0.08653454,0.29416752,0.22660838,0.2506042312305773,0.5118214277506743,0.4543739177389292,0.08653454,0.29416752,0.22660838,0.2506042312305773,0.5118214277506743,0.4543739177389292,21,21
85,168,0.00050,0.3,630,0.08851466,0.29751414,0.2287535,0.23345615680311238,0.5022450875787131,0.45303738611817723,0.08851466,0.29751414,0.2287535,0.23345615680311238,0.5022450875787131,0.45303738611817723,1,1
85,168,0.00100,0.3,630,0.0942809,0.30705196,0.23718135,0.18352014811073003,0.4774127040207427,0.42427749163907963,0.09204731,0.303393,0.23208566,0.20286319736398972,0.4808895880413944,0.43780418329846077,0,3
90,168,0.00010,0.3,630,0.08791979,0.29651272,0.22733955,0.23860794337794822,0.5027026912364184,0.4474970089151596,0.08791979,0.29651272,0.22733955,0.23860794337794822,0.5027026912364184,0.4474970089151596,22,22
90,168,0.00050,0.3,630,0.09416615,0.30686504,0.23491146,0.18451385002961573,0.477487813778794,0.4263903889561833,0.09006759,0.30011263,0.22956444,0.2200077353902039,0.48886176446608387,0.4406153246869885,7,1
90,168,0.00100,0.3,630,0.09649459,0.31063578,0.23781456,0.164349368419633,0.46882605537391053,0.41967384455247825,0.09660296,0.31081018,0.2382461,0.1634109463479172,0.46077521061003607,0.4114553268464666,13,1
95,168,0.00010,0.3,630,0.08738517,0.29560983,0.22650771,0.24323767516725348,0.506250772548121,0.446946412744568,0.08750466,0.29581186,0.22642969,0.24220296088940385,0.5035899841601955,0.4441270359621231,25,23
95,168,0.00050,0.3,630,0.08902446,0.29836968,0.22827774,0.2290412698189428,0.5002194814715575,0.4461135726181419,0.08902446,0.29836968,0.22827774,0.2290412698189428,0.5002194814715575,0.4461135726181419,1,1
95,168,0.00100,0.3,630,0.09742084,0.31212312,0.23864456,0.15632798418313087,0.4660997437622424,0.41360159389636375,0.09320056,0.30528766,0.23370065,0.19287601958226486,0.4638246966772181,0.41484357478336653,13,2
100,168,0.00010,0.3,630,0.08642819,0.2939867,0.22587365,0.25152522220965345,0.5154903929091532,0.45623794904249443,0.08621765,0.29362842,0.22571631,0.25334853333036933,0.5138064056219376,0.45549855972031855,19,16
100,168,0.00050,0.3,630,0.0888796,0.29812682,0.22976391,0.23029580411852402,0.5067304097641245,0.45558995975581934,0.0888796,0.29812682,0.22976391,0.23029580411852402,0.5067304097641245,0.45558995975581934,1,1
100,168,0.00100,0.3,630,0.091008484,0.30167612,0.23120062,0.21185951712544127,0.4973262163679313,0.44480631166248036,0.091008484,0.30167612,0.23120062,0.21185951712544127,0.4973262163679313,0.44480631166248036,3,3
105,168,0.00010,0.3,630,0.08877852,0.29795724,0.22866923,0.23117122859789008,0.5012407871542708,0.44800711581986835,0.088977225,0.2982905,0.22979781,0.22945032363142914,0.4977375396096259,0.44452860692997814,24,16
105,168,0.00050,0.3,630,0.0944332,0.30729985,0.23523888,0.18220121050132,0.4736074377489123,0.42100512146018804,0.09129117,0.3021443,0.23229238,0.2094114749225131,0.48798875258916014,0.4396183361913874,7,1
105,168,0.00100,0.3,630,0.09783562,0.31278688,0.23939928,0.15273600111591845,0.4728028851777136,0.42421292832313123,0.09783562,0.31278688,0.23939928,0.15273600111591845,0.4728028851777136,0.42421292832313123,1,1
110,168,0.00010,0.3,630,0.08688745,0.29476678,0.22623782,0.24754797650757943,0.5100423712746316,0.4517152716466565,0.08671542,0.2944748,0.2262628,0.2490377069589349,0.509904853368764,0.45489669064285526,15,14
110,168,0.00050,0.3,630,0.090283446,0.30047205,0.2301083,0.21813844015692507,0.4931489995674813,0.43915620751325957,0.090283446,0.30047205,0.2301083,0.21813844015692507,0.4931489995674813,0.43915620751325957,0,0
110,168,0.00100,0.3,630,0.09001541,0.30002567,0.22908482,0.2204595842174506,0.49604671640149267,0.44658313482595996,0.09001541,0.30002567,0.22908482,0.2204595842174506,0.49604671640149267,0.44658313482595996,1,1
5,96,0.00010,0.3,886,0.085733116,0.29280218,0.22474703,0.2887869738468146,0.5380795647946514,0.4811547094302652,0.085988306,0.29323763,0.2245357,0.28666999700006657,0.535879265422605,0.4786232455816179,40,39
5,96,0.00050,0.3,886,0.086332686,0.29382426,0.22518595,0.2838130999520041,0.5340378683325386,0.47511338947368714,0.086332686,0.29382426,0.22518595,0.2838130999520041,0.5340378683325386,0.47511338947368714,5,5
5,96,0.00100,0.3,886,0.08723993,0.29536405,0.22528258,0.2762869108554592,0.5308211626598691,0.47222399433454404,0.08723993,0.29536405,0.22528258,0.2762869108554592,0.5308211626598691,0.47222399433454404,4,4
10,96,0.00010,0.3,886,0.08582467,0.29295847,0.22465,0.28802745401211016,0.5380718995004093,0.47442968777019573,0.08582467,0.29295847,0.22465,0.28802745401211016,0.5380718995004093,0.47442968777019573,42,42
10,96,0.00050,0.3,886,0.087155394,0.2952209,0.22650929,0.27698819952481435,0.5297913803029694,0.4693395447540042,0.087155394,0.2952209,0.22650929,0.27698819952481435,0.5297913803029694,0.4693395447540042,5,5
10,96,0.00100,0.3,886,0.08958708,0.299311,0.22866213,0.256815799695421,0.5205481995599176,0.4626464942407257,0.08958708,0.299311,0.22866213,0.256815799695421,0.5205481995599176,0.4626464942407257,6,6
15,96,0.00010,0.3,886,0.08622652,0.29364353,0.2257448,0.2846938284488886,0.5343840818572054,0.47299013179731547,0.08622652,0.29364353,0.2257448,0.2846938284488886,0.5343840818572054,0.47299013179731547,36,36
15,96,0.00050,0.3,886,0.08854485,0.29756486,0.22854413,0.26546171446657596,0.5260415584302264,0.46676985764906903,0.08833427,0.2972108,0.22822694,0.2672086780497913,0.5217253770111083,0.4629753743389588,4,5
15,96,0.00100,0.3,886,0.091839164,0.30304977,0.23409167,0.2381332334357671,0.516440749286905,0.4547488075367799,0.09300609,0.30496898,0.2334395,0.22845285105948476,0.4992263455113696,0.4386626058518794,6,9
20,96,0.00010,0.3,886,0.08492379,0.29141685,0.2241855,0.2955008470399122,0.5445603167615585,0.48657762239145974,0.08492379,0.29141685,0.2241855,0.2955008470399122,0.5445603167615585,0.48657762239145974,24,24
20,96,0.00050,0.3,886,0.0865003,0.29410934,0.22464797,0.2824226083015302,0.5392675147821007,0.485049859254049,0.08522981,0.29194143,0.22527583,0.29296225252861874,0.5432441157681929,0.4814638905058854,4,0
20,96,0.00100,0.3,886,0.090669915,0.30111447,0.23117292,0.24783287013814448,0.5151272188911631,0.46398062348784946,0.09085017,0.30141363,0.2311677,0.24633761109531338,0.5069683048695337,0.4555140386213805,4,5
25,96,0.00010,0.3,886,0.08500653,0.2915588,0.22373952,0.2948144745597724,0.5437553888785694,0.48521655256886564,0.08500653,0.2915588,0.22373952,0.2948144745597724,0.5437553888785694,0.48521655256886564,17,17
25,96,0.00050,0.3,886,0.08538185,0.29220173,0.22439723,0.2917009095634082,0.5409344259430714,0.4810113031643436,0.08538185,0.29220173,0.22439723,0.2917009095634082,0.5409344259430714,0.4810113031643436,0,0
25,96,0.00100,0.3,886,0.088501416,0.29749188,0.2269183,0.26582202904863095,0.5226658106410959,0.4631458471823824,0.08560372,0.29258114,0.22473888,0.28986035760138806,0.5387056151683528,0.4750199691567605,5,1
30,96,0.00010,0.3,886,0.084908314,0.2913903,0.22515267,0.29562915970872616,0.5449419527725398,0.48564140631678554,0.084908314,0.2913903,0.22515267,0.29562915970872616,0.5449419527725398,0.48564140631678554,17,17
30,96,0.00050,0.3,886,0.08836515,0.29726276,0.22727896,0.2669524260863474,0.5247009362022335,0.46624870250156436,0.08836515,0.29726276,0.22727896,0.2669524260863474,0.5247009362022335,0.46624870250156436,4,4
30,96,0.00100,0.3,886,0.09276957,0.304581,0.23438022,0.23041488378472097,0.5163322941510445,0.45775511595018775,0.09249091,0.3041232,0.23283798,0.2327265161284504,0.49882141263783075,0.4460766106305966,6,5
35,96,0.00010,0.3,886,0.08758173,0.2959421,0.22793078,0.2734514305189377,0.5280669515300137,0.47454684479770437,0.08722638,0.29534113,0.22707073,0.27639925329569826,0.5291362591513311,0.4760629201296923,24,22
35,96,0.00050,0.3,886,0.089849964,0.29974982,0.23019959,0.2546349338553583,0.5195069201869142,0.47118117741505694,0.08916507,0.2986052,0.22879672,0.26031653573196933,0.5162815037631047,0.4603694149402944,4,1
35,96,0.00100,0.3,886,0.095200785,0.30854625,0.23707809,0.2102463055446242,0.509259732267842,0.447856262772774,0.09379791,0.30626443,0.2341213,0.22188410827816185,0.4929468873443037,0.4443954744117701,6,5
40,96,0.00010,0.3,886,0.0853314,0.2921154,0.22431022,0.2921194378468672,0.5427521928461124,0.4882484575792696,0.0853314,0.2921154,0.22431022,0.2921194378468672,0.5427521928461124,0.4882484575792696,20,20
40,96,0.00050,0.3,886,0.08795816,0.2965774,0.22727865,0.2703287354568876,0.5334088095350746,0.48063983896805906,0.08610172,0.29343095,0.22442898,0.28572915975162005,0.5374067676140103,0.48177737730169107,4,1
40,96,0.00100,0.3,886,0.09236024,0.3039083,0.234382,0.2338105436686171,0.5103468312614391,0.46108818655628925,0.090360485,0.3006002,0.2312573,0.25039977420453696,0.5126337635641904,0.4558626639819766,4,1
45,96,0.00010,0.3,886,0.086757846,0.29454684,0.22683498,0.2802861541431486,0.5328511257051994,0.4813451861531224,0.086757846,0.29454684,0.22683498,0.2802861541431486,0.5328511257051994,0.4813451861531224,17,17
45,96,0.00050,0.3,886,0.08986849,0.29978076,0.22992924,0.2544812472898562,0.5250451645088787,0.4730066044796396,0.08793023,0.29653034,0.22733867,0.27056040167956463,0.5236323830484104,0.4723637095053655,4,1
45,96,0.00100,0.3,886,0.093823746,0.30630663,0.23442906,0.22166986390583165,0.511649441989619,0.4575904314374594,0.094596855,0.30756602,0.23505326,0.2152563412005879,0.4859351601948093,0.44212209016500154,6,5
50,96,0.00010,0.3,886,0.08828512,0.2971281,0.22946407,0.2676163536004109,0.5264288200822062,0.4634901196122037,0.08828512,0.2971281,0.22946407,0.2676163536004109,0.5264288200822062,0.4634901196122037,17,17
50,96,0.00050,0.3,886,0.091295585,0.3021516,0.23154531,0.2426426171411783,0.5182436022104823,0.46246636056139234,0.09081973,0.3013631,0.229857,0.24659011303867906,0.5103586999814432,0.45397021896026746,4,5
50,96,0.00100,0.3,886,0.09751597,0.31227547,0.23941153,0.19104038006013113,0.4925631332245367,0.44512661837938805,0.0967836,0.31110063,0.23658492,0.1971158460620276,0.48295124452304544,0.43362365242920425,4,5
55,96,0.00010,0.3,886,0.08705924,0.295058,0.22568588,0.2777858758012024,0.5306742313855052,0.4742719641342046,0.08705924,0.295058,0.22568588,0.2777858758012024,0.5306742313855052,0.4742719641342046,17,17
55,96,0.00050,0.3,886,0.09035902,0.30059776,0.23076254,0.250411952424084,0.5185062384534757,0.46419393098881734,0.08782345,0.2963502,0.22769059,0.27144618748346505,0.5286428036610015,0.46827895791413177,4,1
55,96,0.00100,0.3,886,0.094473585,0.30736557,0.23632109,0.21627900319629856,0.5022688488407187,0.4498341036699916,0.09464891,0.30765063,0.23616526,0.21482446818756162,0.4901278379280995,0.435954960398936,4,5
60,96,0.00010,0.3,886,0.08715441,0.29521927,0.22607899,0.2769962757344435,0.5329660476520404,0.4826221092075738,0.08715441,0.29521927,0.22607899,0.2769962757344435,0.5329660476520404,0.4826221092075738,14,14
60,96,0.00050,0.3,886,0.090519644,0.30086482,0.22962809,0.24907951841308562,0.5144640770979063,0.46092508710902497,0.08849247,0.29747683,0.22719443,0.26589628292688805,0.5261853682233156,0.47052296477229705,4,1
60,96,0.00100,0.3,886,0.094472334,0.3073635,0.23512751,0.21628930572974037,0.508329973270779,0.4500193245687342,0.09487042,0.30801043,0.23660757,0.21298693748931008,0.4916005137652579,0.4274513506766241,6,8
65,96,0.00010,0.3,886,0.08676839,0.29456475,0.2261545,0.28019868760462774,0.533009319695824,0.47321290106555436,0.08676839,0.29456475,0.2261545,0.28019868760462774,0.533009319695824,0.47321290106555436,14,14
65,96,0.00050,0.3,886,0.09145856,0.30242115,0.2314707,0.24129056983966712,0.5136285996372258,0.4576967918561074,0.08850735,0.29750183,0.22659715,0.26577286679127976,0.5219664752384056,0.4578054585134308,4,1
65,96,0.00100,0.3,886,0.09556353,0.30913353,0.23647296,0.2072371462470255,0.4992861407022209,0.44188927057131944,0.09417829,0.30688483,0.233832,0.21872861216710782,0.4813517249611466,0.42982862365031677,6,1
70,96,0.00010,0.3,886,0.08625835,0.2936977,0.2254717,0.28442975543188354,0.5380831474571401,0.4773439100453347,0.08625835,0.2936977,0.2254717,0.28442975543188354,0.5380831474571401,0.4773439100453347,17,17
70,96,0.00050,0.3,886,0.09104016,0.3017286,0.23115095,0.24476147201420284,0.5152398563747363,0.46030994341037795,0.08917088,0.29861495,0.22883219,0.26026838223133963,0.5218513340377251,0.4636439903157653,4,1
70,96,0.00100,0.3,886,0.096318595,0.31035239,0.23834684,0.2009734237594436,0.5070328302773502,0.4486776935848329,0.097119845,0.31164056,0.23763801,0.1943264867880793,0.4855104307008754,0.43927271270505136,6,5
75,96,0.00010,0.3,886,0.088144764,0.29689184,0.22817656,0.26878072707261125,0.5252917298568014,0.47052327168138686,0.088040985,0.29671702,0.22786555,0.2696416287731844,0.5225297443883862,0.46966502314554576,17,14
75,96,0.00050,0.3,886,0.096572965,0.3107619,0.23947397,0.1988632581825711,0.48174275628360114,0.42310249560404667,0.08954603,0.29924244,0.22925018,0.2571562710157397,0.5125286706603863,0.4579778466969153,8,1
75,96,0.00100,0.3,886,0.10713439,0.3273139,0.24956433,0.11124922988881247,0.44684870661182086,0.40408766255448625,0.10182781,0.3191047,0.24353188,0.1552707926321184,0.45142743754529435,0.4004351966475363,5,9
80,96,0.00010,0.3,886,0.09121325,0.3020153,0.2315033,0.24332559671868792,0.506723826193736,0.4581284677005252,0.090199485,0.30033228,0.23014453,0.2517354383770133,0.5086149299340778,0.4589837848125078,20,18
80,96,0.00050,0.3,886,0.09413416,0.3068129,0.2352928,0.21909473411526514,0.4967072520795672,0.44716181591240284,0.09198357,0.30328792,0.23311141,0.23693530677984598,0.4950234083927985,0.44221543410183756,4,1
80,96,0.00100,0.3,886,0.100343786,0.31677088,0.24425033,0.16758175305944978,0.46103629834886745,0.4032773614290216,0.09790238,0.31289357,0.23927902,0.18783487032699897,0.4773426400970506,0.43499086359109684,8,5
85,96,0.00010,0.3,886,0.088261046,0.2970876,0.22948942,0.26781613296956963,0.5264866345095198,0.4640049621364772,0.088261046,0.2970876,0.22948942,0.26781613296956963,0.5264866345095198,0.4640049621364772,17,17
85,96,0.00050,0.3,886,0.09332749,0.3054955,0.23441495,0.22578650874940998,0.5019668028918394,0.45030544846152665,0.08883872,0.29805824,0.2291008,0.26302393414603187,0.5193865737754854,0.4606418984290922,4,1
85,96,0.00100,0.3,886,0.0960081,0.30985174,0.23773076,0.20354909801025667,0.4982946920710709,0.438953859420674,0.0960081,0.30985174,0.23773076,0.20354909801025667,0.4982946920710709,0.438953859420674,6,6
90,96,0.00010,0.3,886,0.08874499,0.29790097,0.22739047,0.2638014755871153,0.5204905797214958,0.47587182691073,0.08874499,0.29790097,0.22739047,0.2638014755871153,0.5204905797214958,0.47587182691073,14,14
90,96,0.00050,0.3,886,0.09328857,0.30543178,0.23438022,0.22610944532745392,0.5048826675380861,0.460472495978482,0.089720614,0.299534,0.23006222,0.2557079788380301,0.5178882499195704,0.4624729919448343,4,1
90,96,0.00100,0.3,886,0.09776874,0.31267992,0.23938923,0.18894344702064358,0.49545016077713755,0.44019607459346105,0.09929362,0.3151089,0.24034676,0.17629360885958034,0.47677273062119113,0.4291269814768384,6,5
95,96,0.00010,0.3,886,0.08766043,0.29607505,0.22750129,0.27279858925364586,0.5293372092838824,0.478070417538595,0.08793155,0.29653254,0.2274131,0.2705494487964627,0.5244488075654754,0.47620360763539316,17,12
95,96,0.00050,0.3,886,0.09008837,0.30014724,0.23020016,0.25265725292777397,0.5117777379272809,0.4542259001236446,0.09008837,0.30014724,0.23020016,0.25265725292777397,0.5117777379272809,0.4542259001236446,1,1
95,96,0.00100,0.3,886,0.09435642,0.3071749,0.23555957,0.21725097236472424,0.496697626381645,0.4499266645465984,0.09275704,0.3045604,0.23344524,0.23051882337230267,0.49809441198653415,0.439110490411544,4,2
100,96,0.00010,0.3,886,0.08697142,0.29490918,0.22654909,0.27851441573702007,0.5315614754456103,0.4753678910261506,0.08771626,0.2961693,0.22718282,0.27233542780360065,0.5241216728117822,0.4709120276157355,14,8
100,96,0.00050,0.3,886,0.093539156,0.3058417,0.23535351,0.22403061331764051,0.5018763930859172,0.45016136537933144,0.08875585,0.2979192,0.2285039,0.2637113276565889,0.5195884386592745,0.4615891179087355,4,1
100,96,0.00100,0.3,886,0.1019963,0.3193686,0.2452404,0.15387300782219604,0.4760068889057688,0.42396264874444556,0.09698779,0.31142864,0.2386366,0.1954220327923012,0.46825847034209367,0.41871503692516404,5,1
105,96,0.00010,0.3,886,0.08911418,0.29852,0.22993937,0.26073880891461954,0.5184100450904614,0.4662202351047276,0.08911418,0.29852,0.22993937,0.26073880891461954,0.5184100450904614,0.4662202351047276,14,14
105,96,0.00050,0.3,886,0.09385047,0.30635023,0.23529877,0.2214480611204226,0.5027443164414886,0.45159625315304325,0.090258,0.3004297,0.23073718,0.2512500514314917,0.5085436703950705,0.45497048052069766,4,1
105,96,0.00100,0.3,886,0.10099103,0.31779087,0.24460015,0.16221242767077948,0.4564602073008495,0.3965306659258933,0.10099103,0.31779087,0.24460015,0.16221242767077948,0.4564602073008495,0.3965306659258933,8,8
110,96,0.00010,0.3,886,0.08792508,0.29652163,0.2267633,0.2706031467112622,0.5264253783416386,0.47858569089710806,0.08792508,0.29652163,0.2267633,0.2706031467112622,0.5264253783416386,0.47858569089710806,14,14
110,96,0.00050,0.3,886,0.09360146,0.30594355,0.23427832,0.22351379788687709,0.5054244333765138,0.4532714861081411,0.089677446,0.29946193,0.22873919,0.25606612737645396,0.5153788423464793,0.4661470309717895,4,1
110,96,0.00100,0.3,886,0.10019275,0.31653237,0.24076837,0.16883471192267363,0.469191662412706,0.4286833488079191,0.10019275,0.31653237,0.24076837,0.16883471192267363,0.469191662412706,0.4286833488079191,5,5
5,168,0.00010,0.3,886,0.08431616,0.29037243,0.222406,0.30054154442436953,0.5485507273868521,0.47917153599356144,0.08431616,0.29037243,0.222406,0.30054154442436953,0.5485507273868521,0.47917153599356144,58,58
5,168,0.00050,0.3,886,0.08529976,0.29206124,0.22370487,0.29238195116151067,0.5439626169524955,0.4768911749035632,0.08505453,0.2916411,0.2234568,0.29441627313077035,0.5429089916587475,0.47773711189183077,6,1
5,168,0.00100,0.3,886,0.08600514,0.29326633,0.22505172,0.28653038884028115,0.5411348586589264,0.47708588096427,0.08600514,0.29326633,0.22505172,0.28653038884028115,0.5411348586589264,0.47708588096427,0,0
10,168,0.00010,0.3,886,0.084392704,0.29050422,0.22276634,0.2999065358471964,0.5482335811199502,0.4876988193948062,0.08418772,0.2901512,0.22230905,0.3016069419703612,0.5494240602565555,0.48774822796927564,40,42
10,168,0.00050,0.3,886,0.08437453,0.29047295,0.22268002,0.300057236288621,0.549000235654985,0.4879420473745364,0.08437453,0.29047295,0.22268002,0.300057236288621,0.549000235654985,0.4879420473745364,0,0
10,168,0.00100,0.3,886,0.0867854,0.2945936,0.22562534,0.28005754903978297,0.5330700118527518,0.4701914000206972,0.0867854,0.2945936,0.22562534,0.28005754903978297,0.5330700118527518,0.4701914000206972,5,5
15,168,0.00010,0.3,886,0.08553963,0.2924716,0.22515538,0.2903919704598852,0.5423709636599543,0.4877953113600642,0.085280575,0.29202837,0.22451217,0.2925411327763894,0.5415237640022577,0.48663456728913623,34,31
15,168,0.00050,0.3,886,0.086034246,0.29331595,0.22568004,0.2862888963297904,0.540364234872393,0.483834484102122,0.086034246,0.29331595,0.22568004,0.2862888963297904,0.540364234872393,0.483834484102122,0,0
15,168,0.00100,0.3,886,0.09046887,0.30078045,0.23192593,0.2495006912403449,0.5304490354229646,0.4759957948175345,0.087047316,0.29503784,0.22682525,0.2778848218205592,0.5305873642770395,0.46317947898773154,4,3
20,168,0.00010,0.3,886,0.08743227,0.2956895,0.22781275,0.27469128990609915,0.5268629978124129,0.4655744977481211,0.08743227,0.2956895,0.22781275,0.27469128990609915,0.5268629978124129,0.4655744977481211,44,44
20,168,0.00050,0.3,886,0.088688485,0.2978061,0.23044187,0.2642702313835885,0.5204333321432502,0.4629452479911362,0.088688485,0.2978061,0.23044187,0.2642702313835885,0.5204333321432502,0.4629452479911362,0,0
20,168,0.00100,0.3,886,0.09105151,0.30174744,0.23236899,0.24466730278889803,0.5221574272482332,0.46748801214200053,0.09020642,0.30034384,0.23040022,0.2516779250323262,0.5143755722433916,0.45733083370993527,4,5
25,168,0.00010,0.3,886,0.08485843,0.2913047,0.22352546,0.2960429682144309,0.5448413035574995,0.48545606606450803,0.08545082,0.29231972,0.22392035,0.29112877002340076,0.5396312220241475,0.4838273430980308,24,19
25,168,0.00050,0.3,886,0.085660174,0.29267758,0.2245348,0.2893920500535636,0.540017525468673,0.4822558725698201,0.085660174,0.29267758,0.2245348,0.2893920500535636,0.540017525468673,0.4822558725698201,0,0
25,168,0.00100,0.3,886,0.08930193,0.2988343,0.22847718,0.25918126859588286,0.5263446027975553,0.47140559426727824,0.087057136,0.29505447,0.22527315,0.27780336377690085,0.5304070114344992,0.47318609704020465,4,1
30,168,0.00010,0.3,886,0.08592656,0.29313233,0.2253382,0.28718219269953094,0.5376958727885649,0.47753440712812245,0.08572084,0.2927812,0.22544399,0.2888888018162329,0.5383832182369779,0.480843589345228,32,25
30,168,0.00050,0.3,886,0.090116076,0.3001934,0.22991793,0.2524274002653909,0.5186787595461111,0.46061760082797654,0.08806801,0.29676256,0.2291946,0.269417411254411,0.5263008894483958,0.46498133088741006,4,0
30,168,0.00100,0.3,886,0.09312951,0.30517128,0.23342766,0.22742898010315338,0.4992762923054757,0.4490662644896272,0.09312951,0.30517128,0.23342766,0.22742898010315338,0.4992762923054757,0.4490662644896272,5,5
35,168,0.00010,0.3,886,0.08734132,0.29553565,0.22624631,0.27544584179877674,0.5287198174320267,0.4706046739497258,0.086802915,0.29462335,0.22522375,0.2799123071690923,0.5309781045957122,0.47249088480160933,34,29
35,168,0.00050,0.3,886,0.08843358,0.29737782,0.22849326,0.2663848153332268,0.5240051903333277,0.46491241274622724,0.08843358,0.29737782,0.22849326,0.2663848153332268,0.5240051903333277,0.46491241274622724,0,0
35,168,0.00100,0.3,886,0.09183713,0.3030464,0.23051651,0.23815007541028688,0.5095255938643094,0.4539888595827265,0.089151904,0.29858315,0.22803801,0.260425837310546,0.5150778549994809,0.45563553799396195,4,1
40,168,0.00010,0.3,886,0.08754702,0.29588345,0.22649267,0.2737394285088326,0.5297385981628763,0.4721520628498841,0.08795297,0.29656866,0.22689998,0.27037175369910627,0.5250696652575785,0.47031801833377773,30,23
40,168,0.00050,0.3,886,0.09177718,0.3029475,0.2313828,0.23864738793906703,0.5094056652706954,0.4565614075696061,0.09122328,0.3020319,0.23134007,0.24324244451825816,0.5069612038607603,0.4513951967556632,4,5
40,168,0.00100,0.3,886,0.09590677,0.30968818,0.23601198,0.20438971393940242,0.49228173491615707,0.44208845457065116,0.09392568,0.30647296,0.23521659,0.22082423130231243,0.4905223493592566,0.43074455593905076,4,1
45,168,0.00010,0.3,886,0.08706292,0.29506427,0.22686327,0.27775538837642866,0.5309498585023182,0.48063954658347335,0.08706292,0.29506427,0.22686327,0.27775538837642866,0.5309498585023182,0.48063954658347335,29,29
45,168,0.00050,0.3,886,0.09094341,0.30156824,0.23164465,0.2455640881786718,0.5135275461207816,0.4649096676149233,0.08960311,0.29933777,0.23119253,0.2566827867124568,0.5167640480835594,0.46494768076855564,5,0
45,168,0.00100,0.3,886,0.095378876,0.3088347,0.23699687,0.20876904234116211,0.49442085395695645,0.4474617614497429,0.09289838,0.30479234,0.23434779,0.22934639959327408,0.5016250678133058,0.4498510543979557,4,0
50,168,0.00010,0.3,886,0.08841408,0.29734504,0.2286551,0.26654660751377435,0.5220141495316213,0.4640697908289926,0.08876176,0.2979291,0.22934136,0.2636622842150059,0.5183087743654039,0.45831607188096574,24,25
50,168,0.00050,0.3,886,0.091316566,0.3021863,0.23218589,0.24246850949193532,0.5091563410289122,0.45224565826272384,0.091316566,0.3021863,0.23218589,0.24246850949193532,0.5091563410289122,0.45224565826272384,5,5
50,168,0.00100,0.3,886,0.097853504,0.31281546,0.23960166,0.1882403196196204,0.48608520959402673,0.4356978810941494,0.09396639,0.3065394,0.23444453,0.22048644512317528,0.4935665978473038,0.43688856079984417,4,1
55,168,0.00010,0.3,886,0.08624787,0.29367986,0.22688118,0.284516719755863,0.5368636659852947,0.47341194360884464,0.08733726,0.2955288,0.2282605,0.2754795327959746,0.5290375834724806,0.46862076307273065,17,14
55,168,0.00050,0.3,886,0.08781363,0.29633364,0.22971815,0.271527698810031,0.5279021345585851,0.4705024795377979,0.08781363,0.29633364,0.22971815,0.271527698810031,0.5279021345585851,0.4705024795377979,0,0
55,168,0.00100,0.3,886,0.09156546,0.30259785,0.23156315,0.24040380134540318,0.5128793417484019,0.4595460738401761,0.09040038,0.30066657,0.22949642,0.25006880599710823,0.5154674535129555,0.4511116866421363,4,1
60,168,0.00010,0.3,886,0.08870584,0.29783526,0.22851723,0.26412627119101206,0.5244756772525178,0.46394473028033806,0.088359974,0.29725406,0.22789933,0.26699543173554097,0.5226435990993225,0.4633755389556484,34,22
60,168,0.00050,0.3,886,0.09085658,0.30142426,0.23182036,0.2462844174605262,0.5141337492691698,0.45535795640417126,0.09085658,0.30142426,0.23182036,0.2462844174605262,0.5141337492691698,0.45535795640417126,0,0
60,168,0.00100,0.3,886,0.0914728,0.3024447,0.23166421,0.24117252792113641,0.5101003214345778,0.44972931947580524,0.0914728,0.3024447,0.23166421,0.24117252792113641,0.5101003214345778,0.44972931947580524,1,1
65,168,0.00010,0.3,886,0.08883948,0.29805952,0.22871514,0.2630176089605907,0.5190723472672562,0.46411242957494936,0.088894404,0.29815164,0.22852498,0.26256191911346394,0.5161284043023989,0.46030778873174694,20,22
65,168,0.00050,0.3,886,0.09264641,0.30437872,0.2331898,0.23143660735265803,0.5007730847818569,0.4469988629731815,0.09100171,0.3016649,0.23039722,0.2450804660647451,0.5060095820323854,0.44749107884582867,5,1
65,168,0.00100,0.3,886,0.097433016,0.3121426,0.24069756,0.19172850879888437,0.47766168440104756,0.42429415476652815,0.097433016,0.3121426,0.24069756,0.19172850879888437,0.47766168440104756,0.42429415476652815,8,8
70,168,0.00010,0.3,886,0.08740798,0.2956484,0.22687045,0.2748928233854605,0.5323937366625707,0.4738480563735618,0.087646306,0.29605117,0.22724752,0.27291574988788303,0.5292730130474231,0.4705202954210153,20,19
70,168,0.00050,0.3,886,0.092555024,0.30422857,0.23338477,0.23219468608225435,0.5039752809920481,0.4475485624131629,0.08930929,0.2988466,0.2301009,0.2591202456035927,0.5203023104706261,0.4619016907780268,5,0
70,168,0.00100,0.3,886,0.0975773,0.31237367,0.2407354,0.1905314859125844,0.4863095380768933,0.430699042457722,0.095702454,0.30935812,0.23884502,0.20608468678710945,0.4881048919547077,0.43048979108244195,8,0
75,168,0.00010,0.3,886,0.08871712,0.2978542,0.22900291,0.26403269036624977,0.5208543522118666,0.4639818359682046,0.089105904,0.2985061,0.22914799,0.2608074353783617,0.5159737507296653,0.45924774936381074,17,14
75,168,0.00050,0.3,886,0.090553686,0.30092138,0.23242226,0.24879707924763017,0.5122335967331176,0.4610423795729486,0.090553686,0.30092138,0.23242226,0.24879707924763017,0.5122335967331176,0.4610423795729486,0,0
75,168,0.00100,0.3,886,0.09388045,0.30639917,0.23335442,0.22119937800028333,0.5021758997676982,0.4469677135950593,0.09064443,0.30107212,0.2302259,0.24804431878961752,0.5096149786998275,0.4484220818864761,4,1
80,168,0.00010,0.3,886,0.08800609,0.2966582,0.22774678,0.2699311508040788,0.526721729824522,0.46602002491759537,0.08800609,0.2966582,0.22774678,0.2699311508040788,0.526721729824522,0.46602002491759537,17,17
80,168,0.00050,0.3,886,0.09309954,0.30512217,0.23342775,0.22767757813622425,0.5019924325833016,0.4469661973631152,0.0896805,0.29946703,0.23101678,0.25604078236151817,0.5165993497999424,0.461001398222873,4,0
80,168,0.00100,0.3,886,0.09707431,0.31156752,0.23878898,0.19470425526296653,0.5010847148357442,0.44354212063386245,0.09418109,0.30688938,0.2334576,0.21870538603378564,0.4964843472876568,0.4477789722021392,6,5
85,168,0.00010,0.3,886,0.08951577,0.29919186,0.2310763,0.2574073342728652,0.5186324531354414,0.4556511759769135,0.08902126,0.2983643,0.2302538,0.2615096564831477,0.5199479201790594,0.4562216440511052,24,22
85,168,0.00050,0.3,886,0.09270292,0.30447155,0.23315646,0.23096782983337227,0.5078716563880601,0.4504640610999769,0.09270292,0.30447155,0.23315646,0.23096782983337227,0.5078716563880601,0.4504640610999769,5,5
85,168,0.00100,0.3,886,0.09819776,0.31336522,0.2402989,0.18538448061612656,0.4913254099181718,0.4383769309557185,0.09547135,0.3089844,0.2373196,0.20800178433087924,0.4788987723169417,0.42888070208821466,6,1
90,168,0.00010,0.3,886,0.08678263,0.29458892,0.2270631,0.28008056824774497,0.5335630397625376,0.46953542667759307,0.08693387,0.29484552,0.22730124,0.2788258015507914,0.5307953894564373,0.46995276494181193,17,14
90,168,0.00050,0.3,886,0.091916785,0.3031778,0.23219399,0.2374893113225408,0.5109994973277369,0.45072520284545314,0.08875931,0.297925,0.22881444,0.2636826567510756,0.522237203748989,0.45571314810369035,5,1
90,168,0.00100,0.3,886,0.096570715,0.3107583,0.23869775,0.19888186212812564,0.5039389006267673,0.45347529774082806,0.09511165,0.30840176,0.23697384,0.2109857399681062,0.4830872697428556,0.4263917306248106,6,1
95,168,0.00010,0.3,886,0.088482805,0.2974606,0.2295578,0.2659764256289333,0.5240832547474029,0.46992808528308455,0.08800816,0.29666167,0.22883229,0.2699140028403543,0.5256763357536263,0.4718489812826256,20,22
95,168,0.00050,0.3,886,0.09279795,0.30462757,0.2345482,0.2301795232066206,0.5014607031544209,0.45133814260845473,0.09066746,0.3011104,0.23082799,0.24785329130689115,0.5124967507589568,0.45488718375180387,4,1
95,168,0.00100,0.3,886,0.09775173,0.31265274,0.23998223,0.18908455220041964,0.49391315879698866,0.4390593609990706,0.09702637,0.31149057,0.2380592,0.19510194409626969,0.4759627644693584,0.4237856013525965,6,5
100,168,0.00010,0.3,886,0.08937059,0.29894915,0.22992384,0.2586116549962697,0.5171332706061328,0.46363672238013676,0.08935812,0.2989283,0.22993168,0.2587150971246599,0.5142874732646879,0.46159340817524513,17,14
100,168,0.00050,0.3,886,0.093194515,0.30527776,0.23390234,0.22688967521302927,0.5041466290371787,0.4524639104101398,0.09225645,0.30373746,0.23234312,0.2346716123101088,0.5004544105502644,0.4425789717078008,4,2
100,168,0.00100,0.3,886,0.09918348,0.31493407,0.24283819,0.17720729643331312,0.4766187556913048,0.4150143814284141,0.09918348,0.31493407,0.24283819,0.17720729643331312,0.4766187556913048,0.4150143814284141,8,8
105,168,0.00010,0.3,886,0.087024935,0.2949999,0.22634637,0.27807040374447534,0.5345752760316385,0.4760959040158518,0.08720997,0.29531333,0.22669254,0.27653546353494973,0.5290410764529934,0.4721980638493557,17,14
105,168,0.00050,0.3,886,0.09242361,0.3040125,0.23274612,0.23328492066602013,0.5109221002311026,0.46018444411562504,0.089132465,0.2985506,0.22830924,0.2605870688614025,0.5201297805327812,0.459204872395754,4,1
105,168,0.00100,0.3,886,0.09717013,0.31172124,0.23943663,0.1939093405548925,0.4851894357440848,0.4282354408827477,0.095511906,0.30905,0.23658426,0.2076653809656831,0.4849406436516467,0.43847482990338854,8,1
110,168,0.00010,0.3,886,0.0913322,0.30221218,0.23213996,0.24233881179414263,0.5086943091395639,0.450568489128059,0.090659425,0.30109704,0.23170173,0.24791992261115836,0.5126494903813851,0.4554087593310491,32,17
110,168,0.00050,0.3,886,0.096323445,0.3103602,0.23784651,0.2009331471127188,0.4897022683294925,0.43622922282375465,0.09437813,0.30721024,0.23570488,0.21707080720629723,0.49734016983203,0.43423745861045954,4,1
110,168,0.00100,0.3,886,0.100436375,0.31691697,0.24327299,0.16681361283599738,0.4920205296821323,0.4378155399213131,0.100638986,0.31723648,0.24155147,0.1651328441890032,0.46083640375433377,0.41803089993681214,6,5
